Tiempo,Posición,Velocidad,Ángulo,Velocidad angular,Acción

0.00,0,0.00,180.00,0.00,0.000000

0.01,0,0.00,180.00,0.00,0.000000

0.02,0,0.00,180.00,0.00,0.000000

0.03,0,0.00,180.00,0.00,0.000000

0.03,0,0.00,180.00,0.00,0.000000

0.04,0,0.00,180.00,0.00,0.000000

0.05,0,0.00,180.00,0.00,0.000000

0.06,0,0.00,180.00,0.00,0.000000

0.07,0,0.00,180.00,0.00,0.000000

0.08,0,0.00,180.00,0.00,0.000000

0.09,0,0.00,180.00,0.00,0.000000

0.10,0,0.00,180.00,0.00,0.000000

0.11,0,0.00,180.00,0.00,0.000000

0.11,0,0.00,180.00,0.00,0.000000

0.12,0,0.00,180.00,0.00,0.000000

0.13,0,0.00,180.00,0.00,0.000000

0.14,0,0.00,180.00,0.00,0.000000

0.15,0,0.00,180.00,0.00,0.000000

0.16,0,0.00,180.00,0.00,0.000000

0.17,0,0.00,180.00,0.00,0.000000

0.17,0,0.00,180.00,0.00,0.000000

0.18,0,0.00,180.00,0.00,0.000000

0.19,0,0.00,180.00,0.00,0.000000

0.20,0,0.00,180.00,0.00,0.000000

0.21,0,0.00,180.00,0.00,0.000000

0.22,0,0.00,180.00,0.00,0.000000

0.23,0,0.00,180.00,0.00,0.000000

0.23,0,0.00,180.00,0.00,0.000000

0.24,0,0.00,180.00,0.00,0.000000

0.25,0,0.00,180.00,0.00,0.000000

0.26,0,0.00,180.00,0.00,0.000000

0.27,0,0.00,180.00,0.00,0.000000

0.28,0,0.00,180.00,0.00,0.000000

0.29,0,0.00,180.00,0.00,0.000000

0.29,0,0.00,180.00,0.00,0.000000

0.30,0,0.00,180.00,0.00,0.000000

0.31,0,0.00,180.00,0.00,0.000000

0.32,0,0.00,180.00,0.00,0.000000

0.33,0,0.00,180.00,0.00,0.000000

0.34,0,0.00,180.00,0.00,0.000000

0.35,0,0.00,180.00,0.00,0.000000

0.36,0,0.00,180.00,0.00,0.000000

0.37,0,0.00,180.00,0.00,0.000000

0.37,0,0.00,180.00,0.00,0.000000

0.38,0,0.00,180.00,0.00,0.000000

0.39,0,0.00,180.00,0.00,0.000000

0.40,0,0.00,180.00,0.00,0.000000

0.41,0,0.00,180.00,0.00,0.000000

0.42,0,0.00,180.00,0.00,0.000000

0.43,0,0.00,180.00,0.00,0.000000

0.44,0,0.00,180.00,0.00,0.000000

0.44,0,0.00,180.00,0.00,0.000000

0.45,0,0.00,180.00,0.00,0.000000

0.46,0,0.00,180.00,0.00,0.000000

0.47,0,0.00,180.00,0.00,0.000000

0.48,0,0.00,180.00,0.00,0.000000

0.49,0,0.00,180.00,0.00,0.000000

0.50,0,0.00,180.00,0.00,0.000000

0.50,0,0.00,180.00,0.00,0.000000

0.51,0,0.00,180.00,0.00,0.000000

0.52,0,0.00,180.00,0.00,0.000000

0.53,0,0.00,180.00,0.00,0.000000

0.54,0,0.00,180.00,0.00,0.000000

0.55,0,0.00,180.00,0.00,0.000000

0.56,0,0.00,180.00,0.00,0.000000

0.57,0,0.00,180.00,0.00,0.000000

0.57,0,0.00,180.00,0.00,0.000000

0.58,0,0.00,180.00,0.00,0.000000

0.59,0,0.00,180.00,0.00,0.000000

0.60,0,0.00,180.00,0.00,0.000000

0.61,0,0.00,180.00,0.00,0.000000

0.62,0,0.00,180.00,0.00,0.000000

0.63,0,0.00,180.00,0.00,0.000000

0.64,0,0.00,180.00,0.00,0.000000

0.65,0,0.00,180.00,0.00,0.000000

0.65,0,0.00,180.00,0.00,0.000000

0.66,0,0.00,180.00,0.00,0.000000

0.67,0,0.00,180.00,0.00,0.000000

0.68,0,0.00,180.00,0.00,0.000000

0.69,0,0.00,180.00,0.00,0.000000

0.70,0,0.00,180.00,0.00,0.000000

0.71,0,0.00,180.00,0.00,0.000000

0.71,0,0.00,180.00,0.00,0.000000

0.72,0,0.00,180.00,0.00,0.000000

0.73,0,0.00,180.00,0.00,0.000000

0.74,0,0.00,180.00,0.00,0.000000

0.75,0,0.00,180.00,0.00,0.000000

0.76,0,0.00,180.00,0.00,0.000000

0.77,0,0.00,180.00,0.00,0.000000

0.78,0,0.00,180.00,0.00,0.000000

0.79,0,0.00,180.00,0.00,0.000000

0.79,0,0.00,180.00,0.00,0.000000

0.80,0,0.00,180.00,0.00,0.000000

0.81,0,0.00,180.00,0.00,0.000000

0.82,0,0.00,180.00,0.00,0.000000

0.83,0,0.00,180.00,0.00,0.000000

0.84,0,0.00,180.00,0.00,0.000000

0.85,0,0.00,180.00,0.00,0.000000

0.86,0,0.00,180.00,0.00,0.000000

0.86,0,0.00,180.00,0.00,0.000000

0.87,0,0.00,180.00,0.00,0.000000

0.88,0,0.00,180.00,0.00,0.000000

0.89,0,0.00,180.00,0.00,0.000000

0.90,0,0.00,180.00,0.00,0.000000

0.91,0,0.00,180.00,0.00,0.000000

0.92,0,0.00,180.00,0.00,0.000000

0.93,0,0.00,180.00,0.00,0.000000

0.93,0,0.00,180.00,0.00,0.000000

0.94,0,0.00,180.00,0.00,0.000000

0.95,0,0.00,180.00,0.00,0.000000

0.96,0,0.00,180.00,0.00,0.000000

0.97,0,0.00,180.00,0.00,0.000000

0.98,0,0.00,180.00,0.00,0.000000

0.99,0,0.00,180.00,0.00,0.000000

1.00,0,0.00,180.00,0.00,0.000000

1.00,0,0.00,180.00,0.00,0.000000

1.01,0,0.00,180.00,0.00,0.000000

1.02,0,0.00,180.00,0.00,0.000000

1.03,0,0.00,180.00,0.00,0.000000

1.04,0,0.00,180.00,0.00,0.000000

1.05,0,0.00,180.00,0.00,0.000000

1.06,0,0.00,180.00,0.00,0.000000

1.06,0,0.00,180.00,0.00,0.000000

1.07,0,0.00,180.00,0.00,0.000000

1.08,0,0.00,180.00,0.00,0.000000

1.09,0,0.00,180.00,0.00,0.000000

1.10,0,0.00,180.00,0.00,0.000000

1.11,0,0.00,180.00,0.00,0.000000

1.12,0,0.00,180.00,0.00,0.000000

1.13,0,0.00,180.00,0.00,0.000000

1.13,0,0.00,180.00,0.00,0.000000

1.14,0,0.00,180.00,0.00,0.000000

1.15,0,0.00,180.00,0.00,0.000000

1.16,0,0.00,180.00,0.00,0.000000

1.17,0,0.00,180.00,0.00,0.000000

1.18,0,0.00,180.00,0.00,0.000000

1.19,0,0.00,180.00,0.00,0.000000

1.20,0,0.00,180.00,0.00,0.000000

1.20,0,0.00,180.00,0.00,0.000000

1.21,0,0.00,180.00,0.00,0.000000

1.22,0,0.00,180.00,0.00,0.000000

1.23,0,0.00,180.00,0.00,0.000000

1.24,0,0.00,180.00,0.00,0.000000

1.25,0,0.00,180.00,0.00,0.000000

1.26,0,0.00,180.00,0.00,0.000000

1.26,0,0.00,180.00,0.00,0.000000

1.27,0,0.00,180.00,0.00,0.000000

1.28,0,0.00,180.00,0.00,0.000000

1.29,0,0.00,180.00,0.00,0.000000

1.30,0,0.00,180.00,0.00,0.000000

1.31,0,0.00,180.00,0.00,0.000000

1.32,0,0.00,180.00,0.00,0.000000

1.33,0,0.00,180.00,0.00,0.000000

1.34,0,0.00,180.00,0.00,0.000000

1.34,0,0.00,180.00,0.00,0.000000

1.35,0,0.00,180.00,0.00,0.000000

1.36,0,0.00,180.00,0.00,0.000000

1.37,0,0.00,180.00,0.00,0.000000

1.38,0,0.00,180.00,0.00,0.000000

1.39,0,0.00,180.00,0.00,0.000000

1.40,0,0.00,180.00,0.00,0.000000

1.40,0,0.00,180.00,0.00,0.000000

1.41,0,0.00,180.00,0.00,0.000000

1.42,0,0.00,180.00,0.00,0.000000

1.43,0,0.00,180.00,0.00,0.000000

1.44,0,0.00,180.00,0.00,0.000000

1.45,0,0.00,180.00,0.00,0.000000

1.46,0,0.00,180.00,0.00,0.000000

1.47,0,0.00,180.00,0.00,0.000000

1.48,0,0.00,180.00,0.00,0.000000

1.48,0,0.00,180.00,0.00,0.000000

1.49,0,0.00,180.00,0.00,0.000000

1.50,0,0.00,180.00,0.00,0.000000

1.51,0,0.00,180.00,0.00,0.000000

1.52,0,0.00,180.00,0.00,0.000000

1.53,0,0.00,180.00,0.00,0.000000

1.54,0,0.00,180.00,0.00,0.000000

1.54,0,0.00,180.00,0.00,0.000000

1.55,0,0.00,180.00,0.00,0.000000

1.56,0,0.00,180.00,0.00,0.000000

1.57,0,0.00,180.00,0.00,0.000000

1.58,0,0.00,180.00,0.00,0.000000

1.59,0,0.00,180.00,0.00,0.000000

1.60,0,0.00,180.00,0.00,0.000000

1.61,0,0.00,180.00,0.00,0.000000

1.61,0,0.00,180.00,0.00,0.000000

1.62,0,0.00,180.00,0.00,0.000000

1.63,0,0.00,180.00,0.00,0.000000

1.64,0,0.00,180.00,0.00,0.000000

1.65,0,0.00,180.00,0.00,0.000000

1.66,0,0.00,180.00,0.00,0.000000

1.67,0,0.00,180.00,0.00,0.000000

1.68,0,0.00,180.00,0.00,0.000000

1.68,0,0.00,180.00,0.00,0.000000

1.69,0,0.00,180.00,0.00,0.000000

1.70,0,0.00,180.00,0.00,0.000000

1.71,0,0.00,180.00,0.00,0.000000

1.72,0,0.00,180.00,0.00,0.000000

1.73,0,0.00,180.00,0.00,0.000000

1.74,0,0.00,180.00,0.00,0.000000

1.75,0,0.00,180.00,0.00,0.000000

1.75,0,0.00,180.00,0.00,0.000000

1.76,0,0.00,180.00,0.00,0.000000

1.77,0,0.00,180.00,0.00,0.000000

1.78,0,0.00,180.00,0.00,0.000000

1.79,0,0.00,180.00,0.00,0.000000

1.80,0,0.00,180.00,0.00,0.000000

1.81,0,0.00,180.00,0.00,0.000000

1.82,0,0.00,180.00,0.00,0.000000

1.82,0,0.00,180.00,0.00,0.000000

1.83,0,0.00,180.00,0.00,0.000000

1.84,0,0.00,180.00,0.00,0.000000

1.85,0,0.00,180.00,0.00,0.000000

1.86,0,0.00,180.00,0.00,0.000000

1.87,0,0.00,180.00,0.00,0.000000

1.88,0,0.00,180.00,0.00,0.000000

1.88,0,0.00,180.00,0.00,0.000000

1.89,0,0.00,180.00,0.00,0.000000

1.90,0,0.00,180.00,0.00,0.000000

1.91,0,0.00,180.00,0.00,0.000000

1.92,0,0.00,180.00,0.00,0.000000

1.93,0,0.00,180.00,0.00,0.000000

1.94,0,0.00,180.00,0.00,0.000000

1.95,0,0.00,180.00,0.00,0.000000

1.95,0,0.00,180.00,0.00,0.000000

1.96,0,0.00,180.00,0.00,0.000000

1.97,0,0.00,180.00,0.00,0.000000

1.98,0,0.00,180.00,0.00,0.000000

1.99,0,0.00,180.00,0.00,0.000000

2.00,0,0.00,180.00,0.00,0.000000

2.01,0,0.00,180.00,0.00,0.000000

2.02,0,0.00,180.00,0.00,0.000000

2.03,0,0.00,180.00,0.00,0.000000

2.03,0,0.00,180.00,0.00,0.000000

2.04,0,0.00,180.00,0.00,0.000000

2.05,0,0.00,180.00,0.00,0.000000

2.06,0,0.00,180.00,0.00,0.000000

2.07,0,0.00,180.00,0.00,0.000000

2.08,0,0.00,180.00,0.00,0.000000

2.09,0,0.00,180.00,0.00,0.000000

2.10,0,0.00,180.00,0.00,0.000000

2.10,0,0.00,180.00,0.00,0.000000

2.11,0,0.00,180.00,0.00,0.000000

2.12,0,0.00,180.00,0.00,0.000000

2.13,0,0.00,180.00,0.00,0.000000

2.14,0,0.00,180.00,0.00,0.000000

2.15,0,0.00,180.00,0.00,0.000000

2.16,0,0.00,180.00,0.00,0.000000

2.16,0,0.00,180.00,0.00,0.000000

2.17,0,0.00,180.00,0.00,0.000000

2.18,0,0.00,180.00,0.00,0.000000

2.19,0,0.00,180.00,0.00,0.000000

2.20,0,0.00,180.00,0.00,0.000000

2.21,0,0.00,180.00,0.00,0.000000

2.22,0,0.00,180.00,0.00,0.000000

2.23,0,0.00,180.00,0.00,0.000000

2.23,0,0.00,180.00,0.00,0.000000

2.24,0,0.00,180.00,0.00,0.000000

2.25,0,0.00,180.00,0.00,0.000000

2.26,0,0.00,180.00,0.00,0.000000

2.27,0,0.00,180.00,0.00,0.000000

2.28,0,0.00,180.00,0.00,0.000000

2.29,0,0.00,180.00,0.00,0.000000

2.30,0,0.00,180.00,0.00,0.000000

2.30,0,0.00,180.00,0.00,0.000000

2.31,0,0.00,180.00,0.00,0.000000

2.32,0,0.00,180.00,0.00,0.000000

2.33,0,0.00,180.00,0.00,0.000000

2.34,0,0.00,180.00,0.00,0.000000

2.35,0,0.00,180.00,0.00,0.000000

2.36,0,0.00,180.00,0.00,0.000000

2.37,0,0.00,180.00,0.00,0.000000

2.37,0,0.00,180.00,0.00,0.000000

2.38,0,0.00,180.00,0.00,0.000000

2.39,0,0.00,180.00,0.00,0.000000

2.40,0,0.00,180.00,0.00,0.000000

2.41,0,0.00,180.00,0.00,0.000000

2.42,0,0.00,180.00,0.00,0.000000

2.43,0,0.00,180.00,0.00,0.000000

2.44,0,0.00,180.00,0.00,0.000000

2.44,0,0.00,180.00,0.00,0.000000

2.45,0,0.00,180.00,0.00,0.000000

2.46,0,0.00,180.00,0.00,0.000000

2.47,0,0.00,180.00,0.00,0.000000

2.48,0,0.00,180.00,0.00,0.000000

2.49,0,0.00,180.00,0.00,0.000000

2.50,0,0.00,180.00,0.00,0.000000

2.50,0,0.00,180.00,0.00,0.000000

2.51,0,0.00,180.00,0.00,0.000000

2.52,0,0.00,180.00,0.00,0.000000

2.53,0,0.00,180.00,0.00,0.000000

2.54,0,0.00,180.00,0.00,0.000000

2.55,0,0.00,180.00,0.00,0.000000

2.56,0,0.00,180.00,0.00,0.000000

2.57,0,0.00,180.00,0.00,0.000000

2.57,0,0.00,180.00,0.00,0.000000

2.58,0,0.00,180.00,0.00,0.000000

2.59,0,0.00,180.00,0.00,0.000000

2.60,0,0.00,180.00,0.00,0.000000

2.61,0,0.00,180.00,0.00,0.000000

2.62,0,0.00,180.00,0.00,0.000000

2.63,0,0.00,180.00,0.00,0.000000

2.64,0,0.00,180.00,0.00,0.000000

2.64,0,0.00,180.00,0.00,0.000000

2.65,0,0.00,180.00,0.00,0.000000

2.66,0,0.00,180.00,0.00,0.000000

2.67,0,0.00,180.00,0.00,0.000000

2.68,0,0.00,180.00,0.00,0.000000

2.69,0,0.00,180.00,0.00,0.000000

2.70,0,0.00,180.00,0.00,0.000000

2.71,0,0.00,180.00,0.00,0.000000

2.71,0,0.00,180.00,0.00,0.000000

2.72,0,0.00,180.00,0.00,0.000000

2.73,0,0.00,180.00,0.00,0.000000

2.74,0,0.00,180.00,0.00,0.000000

2.75,0,0.00,180.00,0.00,0.000000

2.76,0,0.00,180.00,0.00,0.000000

2.77,0,0.00,180.00,0.00,0.000000

2.78,0,0.00,180.00,0.00,0.000000

2.78,0,0.00,180.00,0.00,0.000000

2.79,0,0.00,180.00,0.00,0.000000

2.80,0,0.00,180.00,0.00,0.000000

2.81,0,0.00,180.00,0.00,0.000000

2.82,0,0.00,180.00,0.00,0.000000

2.83,0,0.00,180.00,0.00,0.000000

2.84,0,0.00,180.00,0.00,0.000000

2.84,0,0.00,180.00,0.00,0.000000

2.85,0,0.00,180.00,0.00,0.000000

2.86,0,0.00,180.00,0.00,0.000000

2.87,0,0.00,180.00,0.00,0.000000

2.88,0,0.00,180.00,0.00,0.000000

2.89,0,0.00,180.00,0.00,0.000000

2.90,0,0.00,180.00,0.00,0.000000

2.91,0,0.00,180.00,0.00,0.000000

2.91,0,0.00,180.00,0.00,0.000000

2.92,0,0.00,180.00,0.00,0.000000

2.93,0,0.00,180.00,0.00,0.000000

2.94,0,0.00,180.00,0.00,0.000000

2.95,0,0.00,180.00,0.00,0.000000

2.96,0,0.00,180.00,0.00,0.000000

2.97,0,0.00,180.00,0.00,0.000000

2.98,0,0.00,180.00,0.00,0.000000

2.98,0,0.00,180.00,0.00,0.000000

2.99,0,0.00,180.00,0.00,0.000000

3.00,0,0.00,180.00,0.00,0.000000

3.01,0,0.00,180.00,0.00,0.000000

3.02,0,0.00,180.00,0.00,0.000000

3.03,0,0.00,180.00,0.00,0.000000

3.04,0,0.00,180.00,0.00,0.000000

3.05,0,0.00,180.00,0.00,0.000000

3.05,0,0.00,180.00,0.00,0.000000

3.06,0,0.00,180.00,0.00,0.000000

3.07,0,0.00,180.00,0.00,0.000000

3.08,0,0.00,180.00,0.00,0.000000

3.09,0,0.00,180.00,0.00,0.000000

3.10,0,0.00,180.00,0.00,0.000000

3.11,0,0.00,180.00,0.00,0.000000

3.12,0,0.00,180.00,0.00,0.000000

3.12,0,0.00,180.00,0.00,0.000000

3.13,0,0.00,180.00,0.00,0.000000

3.14,0,0.00,180.00,0.00,0.000000

3.15,0,0.00,180.00,0.00,0.000000

3.16,0,0.00,180.00,0.00,0.000000

3.17,0,0.00,180.00,0.00,0.000000

3.18,0,0.00,180.00,0.00,0.000000

3.18,0,0.00,180.00,0.00,0.000000

3.19,0,0.00,180.00,0.00,0.000000

3.20,0,0.00,180.00,0.00,0.000000

3.21,0,0.00,180.00,0.00,0.000000

3.22,0,0.00,180.00,0.00,0.000000

3.23,0,0.00,180.00,0.00,0.000000

3.24,0,0.00,180.00,0.00,0.000000

3.25,0,0.00,180.00,0.00,0.000000

3.25,0,0.00,180.00,0.00,0.000000

3.26,0,0.00,180.00,0.00,0.000000

3.27,0,0.00,180.00,0.00,0.000000

3.28,0,0.00,180.00,0.00,0.000000

3.29,0,0.00,180.00,0.00,0.000000

3.30,0,0.00,180.00,0.00,0.000000

3.31,0,0.00,180.00,0.00,-7.000000

3.32,0,0.00,180.00,0.00,-7.000000

3.34,0,0.00,180.00,0.00,-7.000000

3.35,0,0.00,180.00,0.00,-7.000000

3.36,0,0.00,180.00,0.00,-7.000000

3.37,0,0.00,180.00,0.00,-7.000000

3.39,0,0.00,180.00,0.00,-7.000000

3.40,0,0.00,180.00,0.00,-7.000000

3.41,0,0.00,180.00,0.00,-7.000000

3.42,0,0.00,180.00,0.00,-7.000000

3.44,0,0.00,180.00,0.00,-7.000000

3.45,0,0.00,180.00,0.00,-7.000000

3.46,0,0.00,180.00,0.00,-7.000000

3.47,0,0.00,180.00,0.00,-7.000000

3.49,0,0.00,180.00,0.00,-7.000000

3.50,0,0.00,180.00,0.00,-7.000000

3.51,0,0.00,180.00,0.00,-7.000000

3.53,0,0.00,180.00,0.00,-7.000000

3.54,0,0.00,180.00,0.00,-7.000000

3.55,0,0.00,180.00,0.00,-7.000000

3.56,0,0.00,180.00,0.00,-7.000000

3.58,0,0.00,180.00,0.00,-7.000000

3.59,0,0.00,180.00,0.00,-7.000000

3.60,0,0.00,180.00,0.00,-7.000000

3.61,0,0.00,180.00,0.00,-7.000000

3.63,0,0.00,180.00,0.00,-7.000000

3.64,0,0.00,180.00,0.00,-7.000000

3.65,0,0.00,180.00,0.00,-7.000000

3.66,0,0.00,180.00,0.00,-7.000000

3.68,0,0.00,180.00,0.00,-7.000000

3.69,0,0.00,180.00,0.00,-7.000000

3.70,0,0.00,180.00,0.00,-7.000000

3.71,0,0.00,180.00,0.00,-7.000000

3.73,0,0.00,180.00,0.00,-7.000000

3.74,0,0.00,180.00,0.00,-7.000000

3.75,0,0.00,180.00,0.00,-7.000000

3.77,0,0.00,180.00,0.00,-7.000000

3.78,0,0.00,180.00,0.00,-7.000000

3.79,0,0.00,180.00,0.00,-7.000000

3.80,0,0.00,180.00,0.00,-7.000000

3.82,0,0.00,180.00,0.00,-7.000000

3.83,0,0.00,180.00,0.00,-7.000000

3.84,0,0.00,180.00,0.00,-7.000000

3.85,0,0.00,180.00,0.00,-7.000000

3.87,0,0.00,180.00,0.00,-7.000000

3.88,0,0.00,180.00,0.00,-7.000000

3.89,0,0.00,180.00,0.00,-7.000000

3.90,0,0.00,180.00,0.00,-7.000000

3.92,0,0.00,180.00,0.00,-7.000000

3.93,0,0.00,180.00,0.00,-7.000000

3.94,0,0.00,180.00,0.00,-7.000000

3.95,0,0.00,180.00,0.00,-7.000000

3.97,0,0.00,180.00,0.00,-7.000000

3.98,0,0.00,180.00,0.00,-7.000000

3.99,0,0.00,180.00,0.00,-7.000000

4.00,0,0.00,180.00,0.00,-7.000000

4.02,0,0.00,180.00,0.00,-7.000000

4.03,0,0.00,179.85,0.04,-7.000000

4.04,0,0.00,179.55,15.94,-7.000000

4.06,0,0.00,179.25,2.01,-7.000000

4.07,0,0.00,178.65,64.79,-7.000000

4.09,0,0.00,177.90,138.55,-12.000000

4.10,0,0.00,177.15,17.24,-7.000000

4.12,0,0.00,176.25,66.40,-7.000000

4.13,0,0.00,175.35,139.59,-12.000000

4.15,0,0.00,174.60,65.75,-7.000000

4.16,0,0.00,173.85,66.72,-7.000000

4.17,0,0.00,173.25,8.27,-7.000000

4.19,0,0.00,172.65,4.16,-7.000000

4.20,0,0.00,172.05,16.64,-7.000000

4.22,0,0.00,171.60,8.10,-7.000000

4.23,0,0.00,171.15,64.34,-7.000000

4.24,0,0.00,171.00,0.02,-7.000000

4.26,0,0.00,170.70,1.01,-7.000000

4.27,0,0.00,170.55,1.02,-7.000000

4.28,0,0.00,170.55,0.00,-7.000000

4.30,0,0.00,170.55,0.00,-7.000000

4.31,0,0.00,170.85,-132.04,11.000000

4.33,0,0.00,171.00,-0.52,6.000000

4.34,0,0.00,171.30,-2.03,6.000000

4.36,0,0.00,171.75,-32.62,6.000000

4.37,0,0.00,172.20,-16.46,6.000000

4.38,0,0.00,172.80,-133.08,11.000000

4.40,0,0.00,173.40,-66.61,6.000000

4.41,0,0.00,174.00,-8.40,6.000000

4.43,0,0.00,174.75,-16.92,6.000000

4.44,0,0.00,175.65,-142.40,12.000000

4.45,0,0.00,176.40,-33.64,6.000000

4.47,0,0.00,177.30,-67.75,6.000000

4.48,0,0.00,178.20,-35.57,6.000000

4.50,0,0.00,179.10,-34.51,6.000000

4.51,0,0.00,180.00,-17.24,6.000000

4.53,0,0.00,-178.95,-149.71,12.000000

4.54,0,0.00,-178.05,-137.74,12.000000

4.55,0,0.00,-177.15,-69.50,6.000000

4.57,0,0.00,-176.25,-137.77,12.000000

4.58,0,0.00,-175.50,-33.37,6.000000

4.60,0,0.00,-174.75,-8.34,6.000000

4.61,0,0.00,-174.00,-8.40,6.000000

4.63,0,0.00,-173.25,-65.70,6.000000

4.64,0,0.00,-172.65,-33.29,6.000000

4.66,0,0.00,-172.20,-2.05,6.000000

4.67,0,0.00,-171.75,-0.52,6.000000

4.68,0,0.00,-171.30,-8.20,6.000000

4.70,0,0.00,-171.00,-2.05,6.000000

4.71,0,0.00,-170.85,-0.00,6.000000

4.72,0,0.00,-170.70,-0.00,6.000000

4.74,0,0.00,-170.55,-0.03,6.000000

4.75,0,0.00,-170.70,0.13,-7.000000

4.77,0,0.00,-170.85,16.28,-7.000000

4.78,0,0.00,-171.00,0.50,-7.000000

4.80,0,0.00,-171.30,2.01,-7.000000

4.81,0,0.00,-171.75,32.23,-7.000000

4.82,0,0.00,-172.20,32.23,-7.000000

4.84,0,0.00,-172.80,130.33,-12.000000

4.85,0,0.00,-173.40,130.35,-12.000000

4.87,0,0.00,-174.00,16.42,-7.000000

4.88,0,0.00,-174.75,16.80,-7.000000

4.90,0,0.00,-175.65,136.72,-12.000000

4.91,0,0.00,-176.40,33.18,-7.000000

4.92,0,0.00,-177.30,66.38,-7.000000

4.94,0,0.00,-178.20,66.04,-7.000000

4.95,0,0.00,-179.10,34.72,-7.000000

4.97,0,0.00,180.00,32.60,-7.000000

4.98,0,0.00,179.10,17.12,-7.000000

5.00,0,0.00,178.20,17.01,-7.000000

5.01,0,0.00,177.30,17.24,-7.000000

5.02,0,0.00,176.40,66.82,-7.000000

5.04,0,0.00,175.65,8.72,-7.000000

5.05,0,0.00,174.75,134.38,-12.000000

5.07,0,0.00,174.15,4.17,-7.000000

5.08,0,0.00,173.40,33.07,-7.000000

5.10,0,0.00,172.65,139.27,-12.000000

5.11,0,0.00,171.90,135.48,-12.000000

5.13,0,0.00,171.00,34.86,-7.000000

5.14,0,0.00,169.65,42.48,-7.000000

5.15,0,0.00,167.70,184.54,-12.000000

5.17,0,0.00,165.30,200.22,0.000000

5.18,0,0.00,162.45,250.64,0.000000

5.20,0,0.00,159.30,207.62,0.000000

5.21,0,0.00,155.85,267.69,0.000000

5.22,0,0.00,152.70,249.21,0.000000

5.24,0,0.00,149.85,124.70,0.000000

5.25,0,0.00,147.15,126.47,0.000000

5.26,0,0.00,144.75,201.73,0.000000

5.28,0,0.00,142.80,94.17,0.000000

5.29,0,0.00,141.00,186.43,0.000000

5.30,0,0.00,139.65,81.12,0.000000

5.32,0,0.00,138.60,37.34,0.000000

5.33,0,0.00,137.85,18.04,0.000000

5.34,0,0.00,137.40,8.88,0.000000

5.36,0,0.00,137.40,0.00,0.000000

5.37,0,0.00,137.55,-2.22,0.000000

5.39,0,0.00,138.15,-71.10,0.000000

5.40,0,0.00,139.05,-151.51,0.000000

5.41,0,0.00,140.25,-91.18,0.000000

5.43,0,0.00,141.75,-92.23,0.000000

5.44,0,0.00,143.55,-95.60,0.000000

5.45,0,0.00,145.80,-201.39,0.000000

5.47,0,0.00,148.20,-124.25,0.000000

5.48,0,0.00,151.05,-235.34,0.000000

5.49,0,0.00,154.05,-234.27,0.000000

5.51,0,0.00,157.35,-256.70,0.000000

5.52,0,0.00,160.95,-268.15,0.000000

5.54,0,0.00,164.55,-266.16,0.000000

5.55,0,0.00,168.60,-250.18,12.000000

5.57,0,0.00,172.80,-251.20,12.000000

5.58,0,0.00,177.15,-253.22,12.000000

5.60,0,0.00,-178.50,-250.68,12.000000

5.61,0,0.00,-174.15,-251.00,12.000000

5.63,0,0.00,-169.80,-260.02,12.000000

5.64,0,0.00,-165.60,-306.18,0.000000

5.66,0,0.00,-161.85,-261.85,0.000000

5.67,0,0.00,-158.25,-262.12,0.000000

5.69,0,0.00,-154.95,-131.04,0.000000

5.70,0,0.00,-151.80,-201.05,0.000000

5.71,0,0.00,-148.95,-123.04,0.000000

5.73,0,0.00,-146.40,-115.00,0.000000

5.74,0,0.00,-144.15,-112.81,0.000000

5.75,0,0.00,-142.20,-93.27,0.000000

5.77,0,0.00,-140.55,-178.18,0.000000

5.78,0,0.00,-139.35,-39.97,0.000000

5.80,0,0.00,-138.45,-17.81,0.000000

5.81,0,0.00,-137.85,-4.31,0.000000

5.82,0,0.00,-137.55,-0.54,0.000000

5.84,0,0.00,-137.70,17.23,0.000000

5.85,0,0.00,-138.00,2.16,0.000000

5.86,0,0.00,-138.75,9.17,0.000000

5.88,0,0.00,-139.95,158.42,0.000000

5.89,0,0.00,-141.30,80.42,0.000000

5.90,0,0.00,-143.10,186.56,0.000000

5.92,0,0.00,-145.05,94.33,0.000000

5.93,0,0.00,-147.45,114.88,0.000000

5.95,0,0.00,-150.15,198.99,0.000000

5.96,0,0.00,-153.15,231.59,0.000000

5.97,0,0.00,-156.45,261.07,0.000000

5.99,0,0.00,-159.90,261.71,0.000000

6.00,0,0.00,-163.50,262.68,0.000000

6.02,0,0.00,-167.40,245.72,-12.000000

6.03,0,0.00,-171.75,367.82,-12.000000

6.05,0,0.00,-175.95,246.57,-12.000000

6.06,0,0.00,179.55,374.95,-12.000000

6.08,0,0.00,175.35,247.83,-12.000000

6.09,0,0.00,171.00,274.31,-12.000000

6.11,0,0.00,166.95,246.91,-12.000000

6.12,0,0.00,163.05,265.29,0.000000

6.14,0,0.00,159.60,133.90,0.000000

6.15,0,0.00,156.15,258.58,0.000000

6.16,0,0.00,153.00,256.20,0.000000

6.18,0,0.00,150.15,232.89,0.000000

6.19,0,0.00,147.60,116.25,0.000000

6.21,0,0.00,145.35,95.96,0.000000

6.22,0,0.00,143.25,189.78,0.000000

6.23,0,0.00,141.60,166.05,0.000000

6.25,0,0.00,140.25,80.50,0.000000

6.26,0,0.00,139.20,75.23,0.000000

6.27,0,0.00,138.45,142.15,0.000000

6.29,0,0.00,138.15,0.28,0.000000

6.30,0,0.00,138.00,0.00,0.000000

6.31,0,0.00,138.30,-17.62,0.000000

6.33,0,0.00,138.90,-142.11,0.000000

6.34,0,0.00,139.80,-81.03,0.000000

6.35,0,0.00,141.00,-82.64,0.000000

6.37,0,0.00,142.50,-92.44,0.000000

6.38,0,0.00,144.30,-96.15,0.000000

6.39,0,0.00,146.55,-201.51,0.000000

6.41,0,0.00,148.95,-125.59,0.000000

6.42,0,0.00,151.80,-249.33,0.000000

6.43,0,0.00,154.80,-257.48,0.000000

6.45,0,0.00,157.95,-131.97,0.000000

6.46,0,0.00,161.55,-266.26,0.000000

6.48,0,0.00,165.15,-265.21,0.000000

6.49,0,0.00,169.20,-260.43,12.000000

6.51,0,0.00,173.40,-304.95,12.000000

6.52,0,0.00,177.60,-260.37,12.000000

6.54,0,0.00,-178.05,-303.07,12.000000

6.55,0,0.00,-173.85,-250.81,12.000000

6.57,0,0.00,-169.65,-247.25,12.000000

6.58,0,0.00,-165.60,-246.97,0.000000

6.60,0,0.00,-161.85,-261.90,0.000000

6.61,0,0.00,-158.25,-261.50,0.000000

6.63,0,0.00,-154.95,-261.35,0.000000

6.64,0,0.00,-151.95,-231.97,0.000000

6.65,0,0.00,-149.10,-247.37,0.000000

6.67,0,0.00,-146.70,-116.58,0.000000

6.68,0,0.00,-144.45,-188.08,0.000000

6.70,0,0.00,-142.65,-93.28,0.000000

6.71,0,0.00,-141.15,-44.48,0.000000

6.72,0,0.00,-139.95,-36.95,0.000000

6.74,0,0.00,-139.05,-17.68,0.000000

6.75,0,0.00,-138.45,-17.24,0.000000

6.76,0,0.00,-138.30,-0.00,0.000000

6.78,0,0.00,-138.45,140.98,0.000000

6.79,0,0.00,-138.75,2.24,0.000000

6.80,0,0.00,-139.65,146.03,0.000000

6.82,0,0.00,-140.70,78.84,0.000000

6.83,0,0.00,-142.05,45.38,0.000000

6.84,0,0.00,-143.85,93.81,0.000000

6.86,0,0.00,-145.95,190.30,0.000000

6.87,0,0.00,-148.35,227.88,0.000000

6.89,0,0.00,-151.05,244.30,0.000000

6.90,0,0.00,-153.90,129.21,0.000000

6.92,0,0.00,-157.20,257.37,0.000000

6.93,0,0.00,-160.65,261.30,0.000000

6.94,0,0.00,-164.25,262.07,0.000000

6.96,0,0.00,-168.15,245.19,-12.000000

6.97,0,0.00,-172.35,256.85,-12.000000

6.99,0,0.00,-176.55,243.20,-12.000000

7.00,0,0.00,179.10,258.20,-12.000000

7.02,0,0.00,174.90,246.36,-12.000000

7.03,0,0.00,170.70,247.93,-12.000000

7.05,0,0.00,166.65,245.57,-12.000000

7.06,0,0.00,162.90,265.25,0.000000

7.08,0,0.00,159.45,234.69,0.000000

7.09,0,0.00,156.15,237.45,0.000000

7.11,0,0.00,153.15,128.41,0.000000

7.12,0,0.00,150.30,200.91,0.000000

7.13,0,0.00,147.75,199.01,0.000000

7.15,0,0.00,145.50,231.94,0.000000

7.16,0,0.00,143.70,94.12,0.000000

7.17,0,0.00,142.05,91.66,0.000000

7.19,0,0.00,140.70,160.08,0.000000

7.20,0,0.00,139.80,36.43,0.000000

7.21,0,0.00,139.05,141.05,0.000000

7.23,0,0.00,138.75,2.19,0.000000

7.24,0,0.00,138.75,0.00,0.000000

7.25,0,0.00,139.05,-17.51,0.000000

7.27,0,0.00,139.65,-36.36,0.000000

7.28,0,0.00,140.55,-40.18,0.000000

7.29,0,0.00,141.75,-40.62,0.000000

7.31,0,0.00,143.40,-189.22,0.000000

7.32,0,0.00,145.20,-95.58,0.000000

7.33,0,0.00,147.45,-228.30,0.000000

7.35,0,0.00,149.85,-197.79,0.000000

7.36,0,0.00,152.55,-123.89,0.000000

7.38,0,0.00,155.55,-128.96,0.000000

7.39,0,0.00,158.85,-250.74,0.000000

7.40,0,0.00,162.30,-261.37,0.000000

7.42,0,0.00,165.90,-255.52,12.000000

7.43,0,0.00,169.95,-253.10,12.000000

7.45,0,0.00,174.00,-247.14,12.000000

7.46,0,0.00,178.35,-367.98,12.000000

7.48,0,0.00,-177.45,-302.95,12.000000

7.49,0,0.00,-173.25,-273.45,12.000000

7.51,0,0.00,-169.20,-245.40,12.000000

7.52,0,0.00,-165.15,-261.65,0.000000

7.54,0,0.00,-161.55,-262.08,0.000000

7.55,0,0.00,-158.10,-261.08,0.000000

7.57,0,0.00,-154.95,-233.37,0.000000

7.58,0,0.00,-151.95,-230.43,0.000000

7.59,0,0.00,-149.25,-198.91,0.000000

7.61,0,0.00,-146.85,-190.50,0.000000

7.62,0,0.00,-144.75,-186.26,0.000000

7.64,0,0.00,-142.95,-180.78,0.000000

7.65,0,0.00,-141.45,-177.83,0.000000

7.66,0,0.00,-140.40,-36.91,0.000000

7.68,0,0.00,-139.65,-4.48,0.000000

7.69,0,0.00,-139.05,-35.05,0.000000

7.70,0,0.00,-138.90,-0.03,0.000000

7.72,0,0.00,-139.05,0.03,0.000000

7.73,0,0.00,-139.65,141.08,0.000000

7.74,0,0.00,-140.40,72.29,0.000000

7.76,0,0.00,-141.60,158.71,0.000000

7.77,0,0.00,-142.95,45.52,0.000000

7.78,0,0.00,-144.75,93.94,0.000000

7.80,0,0.00,-146.85,112.80,0.000000

7.81,0,0.00,-149.25,195.84,0.000000

7.83,0,0.00,-151.95,202.09,0.000000

7.84,0,0.00,-154.95,255.02,0.000000

7.86,0,0.00,-158.10,246.85,0.000000

7.87,0,0.00,-161.55,259.68,0.000000

7.88,0,0.00,-165.15,261.08,0.000000

7.90,0,0.00,-169.05,242.94,-12.000000

7.91,0,0.00,-173.25,299.94,-12.000000

7.93,0,0.00,-177.45,270.84,-12.000000

7.95,0,0.00,178.35,257.03,-12.000000

7.96,0,0.00,174.15,259.00,-12.000000

7.98,0,0.00,170.10,247.56,-12.000000

7.99,0,0.00,166.05,259.46,-12.000000

8.00,0,0.00,162.45,265.32,0.000000

8.02,0,0.00,159.15,210.27,0.000000

8.03,0,0.00,155.85,264.93,0.000000

8.05,0,0.00,153.00,130.12,0.000000

8.06,0,0.00,150.30,124.12,0.000000

8.07,0,0.00,147.90,100.03,0.000000

8.09,0,0.00,145.65,232.03,0.000000

8.10,0,0.00,143.85,190.56,0.000000

8.11,0,0.00,142.35,91.01,0.000000

8.13,0,0.00,141.15,79.47,0.000000

8.14,0,0.00,140.25,72.26,0.000000

8.15,0,0.00,139.65,35.52,0.000000

8.17,0,0.00,139.35,17.49,0.000000

8.18,0,0.00,139.50,-35.51,0.000000

8.19,0,0.00,139.80,-8.90,0.000000

8.21,0,0.00,140.40,-9.03,0.000000

8.22,0,0.00,141.45,-80.35,0.000000

8.23,0,0.00,142.80,-188.53,0.000000

8.25,0,0.00,144.30,-93.39,0.000000

8.26,0,0.00,146.25,-191.32,0.000000

8.27,0,0.00,148.35,-113.73,0.000000

8.29,0,0.00,150.90,-206.17,0.000000

8.30,0,0.00,153.60,-125.04,0.000000

8.32,0,0.00,156.60,-207.84,0.000000

8.33,0,0.00,159.90,-261.14,0.000000

8.34,0,0.00,163.35,-264.58,0.000000

8.36,0,0.00,166.95,-247.02,12.000000

8.37,0,0.00,171.00,-306.20,12.000000

8.39,0,0.00,175.05,-260.48,12.000000

8.40,0,0.00,179.25,-368.86,12.000000

8.42,0,0.00,-176.70,-244.85,12.000000

8.43,0,0.00,-172.50,-258.69,12.000000

8.45,0,0.00,-168.45,-274.93,12.000000

8.47,0,0.00,-164.70,-260.19,0.000000

8.48,0,0.00,-161.10,-260.48,0.000000

8.49,0,0.00,-157.80,-246.93,0.000000

8.51,0,0.00,-154.65,-254.37,0.000000

8.52,0,0.00,-151.80,-230.98,0.000000

8.54,0,0.00,-149.25,-197.44,0.000000

8.55,0,0.00,-147.00,-99.09,0.000000

8.56,0,0.00,-144.90,-187.89,0.000000

8.58,0,0.00,-143.25,-94.16,0.000000

8.59,0,0.00,-141.90,-80.43,0.000000

8.60,0,0.00,-140.85,-36.77,0.000000

8.62,0,0.00,-140.10,-35.54,0.000000

8.63,0,0.00,-139.65,-17.25,0.000000

8.64,0,0.00,-139.65,-0.00,0.000000

8.66,0,0.00,-139.80,2.20,0.000000

8.67,0,0.00,-140.40,70.03,0.000000

8.68,0,0.00,-141.15,18.35,0.000000

8.70,0,0.00,-142.35,39.72,0.000000

8.71,0,0.00,-143.85,81.53,0.000000

8.73,0,0.00,-145.65,93.29,0.000000

8.74,0,0.00,-147.75,111.78,0.000000

8.75,0,0.00,-150.15,114.46,0.000000

8.77,0,0.00,-152.85,127.48,0.000000

8.78,0,0.00,-155.85,246.12,0.000000

8.80,0,0.00,-159.00,246.59,0.000000

8.81,0,0.00,-162.45,260.77,0.000000

8.82,0,0.00,-165.90,238.52,-12.000000

8.84,0,0.00,-169.95,273.97,-12.000000

8.85,0,0.00,-174.00,257.70,-12.000000

8.87,0,0.00,-178.05,242.88,-12.000000

8.89,0,0.00,177.75,247.45,-12.000000

8.90,0,0.00,173.55,361.10,-12.000000

8.91,0,0.00,169.65,245.29,-12.000000

8.93,0,0.00,165.75,246.62,-12.000000

8.94,0,0.00,162.15,266.36,0.000000

8.96,0,0.00,158.85,262.92,0.000000

8.97,0,0.00,155.85,205.28,0.000000

8.99,0,0.00,153.00,123.98,0.000000

9.00,0,0.00,150.30,232.09,0.000000

9.01,0,0.00,148.05,113.67,0.000000

9.03,0,0.00,145.95,191.19,0.000000

9.04,0,0.00,144.15,195.26,0.000000

9.05,0,0.00,142.80,82.35,0.000000

9.07,0,0.00,141.60,151.71,0.000000

9.08,0,0.00,140.85,9.10,0.000000

9.09,0,0.00,140.25,35.38,0.000000

9.11,0,0.00,140.10,0.00,0.000000

9.12,0,0.00,140.10,0.00,0.000000

9.13,0,0.00,140.55,-35.12,0.000000

9.15,0,0.00,141.15,-9.10,0.000000

9.16,0,0.00,142.20,-40.30,0.000000

9.17,0,0.00,143.55,-161.74,0.000000

9.19,0,0.00,145.20,-189.03,0.000000

9.20,0,0.00,147.00,-94.72,0.000000

9.21,0,0.00,149.25,-198.02,0.000000

9.23,0,0.00,151.65,-115.81,0.000000

9.24,0,0.00,154.50,-233.62,0.000000

9.26,0,0.00,157.50,-258.03,0.000000

9.27,0,0.00,160.65,-250.52,0.000000

9.28,0,0.00,164.10,-264.71,0.000000

9.30,0,0.00,167.70,-247.67,12.000000

9.31,0,0.00,171.60,-245.57,12.000000

9.33,0,0.00,175.65,-245.78,12.000000

9.34,0,0.00,179.85,-363.60,12.000000

9.36,0,0.00,-176.10,-258.93,12.000000

9.37,0,0.00,-172.05,-246.16,12.000000

9.39,0,0.00,-168.15,-245.85,12.000000

9.40,0,0.00,-164.40,-261.46,0.000000

9.42,0,0.00,-160.95,-259.35,0.000000

9.43,0,0.00,-157.65,-257.77,0.000000

9.45,0,0.00,-154.65,-233.62,0.000000

9.46,0,0.00,-151.95,-115.14,0.000000

9.47,0,0.00,-149.40,-188.09,0.000000

9.49,0,0.00,-147.15,-188.22,0.000000

9.50,0,0.00,-145.20,-186.55,0.000000

9.52,0,0.00,-143.70,-40.99,0.000000

9.53,0,0.00,-142.35,-40.31,0.000000

9.54,0,0.00,-141.30,-142.50,0.000000

9.56,0,0.00,-140.70,-8.69,0.000000

9.57,0,0.00,-140.25,-33.98,0.000000

9.58,0,0.00,-140.25,-0.00,0.000000

9.60,0,0.00,-140.55,17.24,0.000000

9.61,0,0.00,-141.15,71.61,0.000000

9.62,0,0.00,-142.05,78.77,0.000000

9.64,0,0.00,-143.25,90.36,0.000000

9.65,0,0.00,-144.75,93.37,0.000000

9.66,0,0.00,-146.55,93.30,0.000000

9.68,0,0.00,-148.65,111.85,0.000000

9.69,0,0.00,-151.05,114.41,0.000000

9.71,0,0.00,-153.75,122.66,0.000000

9.72,0,0.00,-156.75,231.40,0.000000

9.73,0,0.00,-159.90,246.53,0.000000

9.75,0,0.00,-163.20,131.37,0.000000

9.76,0,0.00,-166.80,243.51,-12.000000

9.78,0,0.00,-170.85,368.14,-12.000000

9.79,0,0.00,-174.75,242.87,-12.000000

9.81,0,0.00,-178.95,360.00,-12.000000

9.82,0,0.00,177.00,273.22,-12.000000

9.84,0,0.00,172.95,273.33,-12.000000

9.85,0,0.00,169.05,246.28,-12.000000

9.87,0,0.00,165.30,260.70,0.000000

9.88,0,0.00,161.85,263.51,0.000000

9.90,0,0.00,158.70,235.44,0.000000

9.91,0,0.00,155.70,205.90,0.000000

9.92,0,0.00,152.85,233.79,0.000000

9.94,0,0.00,150.45,98.97,0.000000

9.95,0,0.00,148.20,96.05,0.000000

9.97,0,0.00,146.25,93.64,0.000000

9.98,0,0.00,144.60,45.80,0.000000

9.99,0,0.00,143.10,162.50,0.000000

10.01,0,0.00,142.05,152.67,0.000000

10.02,0,0.00,141.30,36.65,0.000000

10.03,0,0.00,140.85,4.49,0.000000

10.05,0,0.00,140.70,0.00,0.000000

10.06,0,0.00,140.85,-2.20,0.000000

10.07,0,0.00,141.30,-70.77,0.000000

10.09,0,0.00,142.05,-76.18,0.000000

10.10,0,0.00,143.10,-81.64,0.000000

10.11,0,0.00,144.45,-92.58,0.000000

10.13,0,0.00,146.10,-168.17,0.000000

10.14,0,0.00,148.05,-114.61,0.000000

10.15,0,0.00,150.30,-190.49,0.000000

10.17,0,0.00,152.85,-231.84,0.000000

10.18,0,0.00,155.55,-125.31,0.000000

10.19,0,0.00,158.55,-128.98,0.000000

10.21,0,0.00,161.85,-257.15,0.000000

10.22,0,0.00,165.30,-268.02,0.000000

10.24,0,0.00,169.05,-354.82,12.000000

10.25,0,0.00,172.95,-304.48,12.000000

10.27,0,0.00,176.85,-246.67,12.000000

10.28,0,0.00,-179.10,-244.15,12.000000

10.30,0,0.00,-175.05,-244.49,12.000000

10.31,0,0.00,-171.00,-249.02,12.000000

10.33,0,0.00,-167.25,-137.05,11.000000

10.34,0,0.00,-163.65,-132.12,0.000000

10.36,0,0.00,-160.20,-257.55,0.000000

10.37,0,0.00,-157.05,-253.10,0.000000

10.39,0,0.00,-154.20,-200.28,0.000000

10.40,0,0.00,-151.50,-201.96,0.000000

10.42,0,0.00,-149.10,-196.35,0.000000

10.43,0,0.00,-147.00,-186.20,0.000000

10.44,0,0.00,-145.20,-164.29,0.000000

10.46,0,0.00,-143.70,-159.98,0.000000

10.47,0,0.00,-142.50,-148.75,0.000000

10.48,0,0.00,-141.75,-4.62,0.000000

10.50,0,0.00,-141.15,-4.31,0.000000

10.51,0,0.00,-140.85,-1.09,0.000000

10.52,0,0.00,-141.00,17.49,0.000000

10.54,0,0.00,-141.30,4.32,0.000000

10.55,0,0.00,-142.05,72.74,0.000000

10.56,0,0.00,-143.10,159.73,0.000000

10.58,0,0.00,-144.30,45.24,0.000000

10.59,0,0.00,-145.95,93.76,0.000000

10.60,0,0.00,-147.90,185.91,0.000000

10.62,0,0.00,-150.15,195.37,0.000000

10.63,0,0.00,-152.70,248.33,0.000000

10.65,0,0.00,-155.40,232.20,0.000000

10.66,0,0.00,-158.40,246.75,0.000000

10.68,0,0.00,-161.55,204.49,0.000000

10.69,0,0.00,-165.00,259.67,0.000000

10.70,0,0.00,-168.75,244.06,-12.000000

10.72,0,0.00,-172.65,250.95,-12.000000

10.73,0,0.00,-176.70,301.16,-12.000000

10.75,0,0.00,179.25,303.23,-12.000000

10.77,0,0.00,175.35,244.19,-12.000000

10.78,0,0.00,171.30,249.02,-12.000000

10.80,0,0.00,167.55,246.08,-12.000000

10.81,0,0.00,163.95,258.28,0.000000

10.82,0,0.00,160.65,257.18,0.000000

10.84,0,0.00,157.65,129.34,0.000000

10.85,0,0.00,154.80,124.47,0.000000

10.87,0,0.00,152.10,197.85,0.000000

10.88,0,0.00,149.70,228.22,0.000000

10.89,0,0.00,147.60,190.54,0.000000

10.91,0,0.00,145.80,193.48,0.000000

10.92,0,0.00,144.30,185.18,0.000000

10.94,0,0.00,143.10,162.01,0.000000

10.95,0,0.00,142.20,147.82,0.000000

10.96,0,0.00,141.60,143.70,0.000000

10.98,0,0.00,141.30,70.49,0.000000

10.99,0,0.00,141.30,0.00,0.000000

11.00,0,0.00,141.60,-0.55,0.000000

11.01,0,0.00,142.20,-4.72,0.000000

11.03,0,0.00,143.10,-19.08,0.000000

11.04,0,0.00,144.30,-40.62,0.000000

11.06,0,0.00,145.80,-47.58,0.000000

11.07,0,0.00,147.60,-94.06,0.000000

11.08,0,0.00,149.70,-115.76,0.000000

11.10,0,0.00,152.10,-199.15,0.000000

11.11,0,0.00,154.65,-125.01,0.000000

11.12,0,0.00,157.50,-129.37,0.000000

11.14,0,0.00,160.65,-257.74,0.000000

11.15,0,0.00,163.95,-264.37,0.000000

11.17,0,0.00,167.40,-248.30,12.000000

11.18,0,0.00,171.15,-247.15,12.000000

11.20,0,0.00,175.20,-365.58,12.000000

11.21,0,0.00,179.10,-245.21,12.000000

11.23,0,0.00,-176.85,-302.15,12.000000

11.24,0,0.00,-172.95,-244.88,12.000000

11.26,0,0.00,-169.05,-245.82,12.000000

11.27,0,0.00,-165.30,-259.46,0.000000

11.29,0,0.00,-162.00,-246.77,0.000000

11.30,0,0.00,-158.85,-130.42,0.000000

11.31,0,0.00,-155.85,-199.52,0.000000

11.33,0,0.00,-153.15,-115.38,0.000000

11.34,0,0.00,-150.60,-197.02,0.000000

11.36,0,0.00,-148.35,-223.78,0.000000

11.37,0,0.00,-146.55,-93.00,0.000000

11.38,0,0.00,-144.90,-160.48,0.000000

11.40,0,0.00,-143.55,-160.02,0.000000

11.41,0,0.00,-142.65,-18.53,0.000000

11.43,0,0.00,-141.90,-70.01,0.000000

11.44,0,0.00,-141.60,-0.27,0.000000

11.45,0,0.00,-141.45,-0.00,0.000000

11.47,0,0.00,-141.75,8.68,0.000000

11.48,0,0.00,-142.35,140.06,0.000000

11.49,0,0.00,-143.10,18.65,0.000000

11.51,0,0.00,-144.30,79.87,0.000000

11.52,0,0.00,-145.80,161.56,0.000000

11.53,0,0.00,-147.60,186.30,0.000000

11.55,0,0.00,-149.55,94.97,0.000000

11.56,0,0.00,-151.95,189.36,0.000000

11.58,0,0.00,-154.65,245.39,0.000000

11.59,0,0.00,-157.50,245.29,0.000000

11.60,0,0.00,-160.50,204.10,0.000000

11.62,0,0.00,-163.80,253.57,0.000000

11.63,0,0.00,-167.40,245.25,-12.000000

11.65,0,0.00,-171.15,243.56,-12.000000

11.66,0,0.00,-175.05,241.43,-12.000000

11.68,0,0.00,-179.10,256.21,-12.000000

11.69,0,0.00,177.00,243.00,-12.000000

11.71,0,0.00,173.10,243.93,-12.000000

11.72,0,0.00,169.20,244.88,-12.000000

11.74,0,0.00,165.60,123.83,0.000000

11.75,0,0.00,162.30,209.03,0.000000

11.77,0,0.00,159.15,235.84,0.000000

11.78,0,0.00,156.30,123.96,0.000000

11.80,0,0.00,153.60,125.53,0.000000

11.81,0,0.00,151.20,99.43,0.000000

11.82,0,0.00,148.95,187.80,0.000000

11.84,0,0.00,147.15,47.41,0.000000

11.85,0,0.00,145.50,91.39,0.000000

11.86,0,0.00,144.15,162.33,0.000000

11.88,0,0.00,143.25,19.06,0.000000

11.89,0,0.00,142.50,18.17,0.000000

11.90,0,0.00,142.05,8.95,0.000000

11.92,0,0.00,141.90,0.14,0.000000

11.93,0,0.00,142.20,-143.13,0.000000

11.94,0,0.00,142.65,-72.14,0.000000

11.96,0,0.00,143.40,-74.65,0.000000

11.97,0,0.00,144.45,-80.62,0.000000

11.98,0,0.00,145.80,-90.70,0.000000

12.00,0,0.00,147.45,-182.67,0.000000

12.01,0,0.00,149.40,-188.00,0.000000

12.02,0,0.00,151.65,-227.41,0.000000

12.04,0,0.00,154.05,-115.92,0.000000

12.05,0,0.00,156.75,-124.32,0.000000

12.07,0,0.00,159.75,-235.54,0.000000

12.08,0,0.00,162.90,-250.20,0.000000

12.09,0,0.00,166.20,-242.23,12.000000

12.11,0,0.00,169.95,-247.45,12.000000

12.13,0,0.00,173.70,-245.58,12.000000

12.14,0,0.00,177.60,-245.12,12.000000

12.15,0,0.00,-178.50,-242.65,12.000000

12.17,0,0.00,-174.60,-242.87,12.000000

12.19,0,0.00,-170.70,-244.57,12.000000

12.20,0,0.00,-166.95,-245.72,12.000000

12.22,0,0.00,-163.50,-257.89,0.000000

12.23,0,0.00,-160.35,-231.87,0.000000

12.24,0,0.00,-157.35,-127.75,0.000000

12.26,0,0.00,-154.50,-232.57,0.000000

12.27,0,0.00,-151.95,-228.74,0.000000

12.28,0,0.00,-149.70,-186.61,0.000000

12.30,0,0.00,-147.75,-92.05,0.000000

12.31,0,0.00,-146.10,-47.37,0.000000

12.33,0,0.00,-144.60,-160.09,0.000000

12.34,0,0.00,-143.55,-74.13,0.000000

12.35,0,0.00,-142.80,-17.65,0.000000

12.37,0,0.00,-142.35,-0.55,0.000000

12.38,0,0.00,-142.05,-4.34,0.000000

12.39,0,0.00,-142.20,0.02,0.000000

12.41,0,0.00,-142.65,17.50,0.000000

12.42,0,0.00,-143.40,74.51,0.000000

12.43,0,0.00,-144.45,158.81,0.000000

12.45,0,0.00,-145.65,40.96,0.000000

12.46,0,0.00,-147.30,93.75,0.000000

12.48,0,0.00,-149.25,187.26,0.000000

12.49,0,0.00,-151.50,224.82,0.000000

12.50,0,0.00,-153.90,196.28,0.000000

12.52,0,0.00,-156.60,199.09,0.000000

12.53,0,0.00,-159.60,245.91,0.000000

12.55,0,0.00,-162.75,254.27,0.000000

12.56,0,0.00,-166.05,244.67,-12.000000

12.57,0,0.00,-169.80,243.03,-12.000000

12.59,0,0.00,-173.55,242.33,-12.000000

12.61,0,0.00,-177.45,241.57,-12.000000

12.62,0,0.00,178.65,241.88,-12.000000

12.64,0,0.00,174.75,243.63,-12.000000

12.65,0,0.00,171.00,246.49,-12.000000

12.67,0,0.00,167.25,246.11,-12.000000

12.68,0,0.00,163.80,263.31,0.000000

12.69,0,0.00,160.80,129.08,0.000000

12.71,0,0.00,157.80,205.42,0.000000

12.72,0,0.00,155.10,125.62,0.000000

12.74,0,0.00,152.55,197.70,0.000000

12.75,0,0.00,150.30,191.26,0.000000

12.77,0,0.00,148.35,94.01,0.000000

12.78,0,0.00,146.70,83.59,0.000000

12.79,0,0.00,145.20,168.35,0.000000

12.81,0,0.00,144.15,76.35,0.000000

12.82,0,0.00,143.40,8.96,0.000000

12.83,0,0.00,142.80,17.93,0.000000

12.85,0,0.00,142.65,0.00,0.000000

12.86,0,0.00,142.65,-0.28,0.000000

12.87,0,0.00,142.95,-4.44,0.000000

12.88,0,0.00,143.55,-9.10,0.000000

12.90,0,0.00,144.45,-20.19,0.000000

12.91,0,0.00,145.65,-40.89,0.000000

12.92,0,0.00,147.15,-46.47,0.000000

12.94,0,0.00,148.95,-93.44,0.000000

12.95,0,0.00,151.05,-186.83,0.000000

12.97,0,0.00,153.45,-231.90,0.000000

12.98,0,0.00,156.00,-233.09,0.000000

12.99,0,0.00,158.85,-258.59,0.000000

13.01,0,0.00,161.85,-258.34,0.000000

13.02,0,0.00,165.00,-262.15,0.000000

13.04,0,0.00,168.45,-247.11,12.000000

13.05,0,0.00,172.20,-246.20,12.000000

13.07,0,0.00,175.95,-244.78,12.000000

13.08,0,0.00,179.85,-243.28,12.000000

13.10,0,0.00,-176.25,-246.05,12.000000

13.11,0,0.00,-172.50,-243.95,12.000000

13.13,0,0.00,-168.75,-245.33,12.000000

13.14,0,0.00,-165.15,-259.45,0.000000

13.16,0,0.00,-162.00,-204.82,0.000000

13.17,0,0.00,-158.85,-253.08,0.000000

13.19,0,0.00,-156.00,-248.54,0.000000

13.20,0,0.00,-153.45,-202.20,0.000000

13.21,0,0.00,-151.05,-232.15,0.000000

13.23,0,0.00,-149.10,-93.46,0.000000

13.24,0,0.00,-147.30,-81.10,0.000000

13.25,0,0.00,-145.80,-45.06,0.000000

13.27,0,0.00,-144.60,-37.21,0.000000

13.28,0,0.00,-143.70,-18.20,0.000000

13.30,0,0.00,-143.10,-4.34,0.000000

13.31,0,0.00,-142.80,-0.03,0.000000

13.32,0,0.00,-142.80,17.23,0.000000

13.34,0,0.00,-143.10,140.06,0.000000

13.35,0,0.00,-143.55,4.41,0.000000

13.36,0,0.00,-144.45,19.64,0.000000

13.38,0,0.00,-145.65,44.65,0.000000

13.39,0,0.00,-147.15,90.33,0.000000

13.40,0,0.00,-148.95,183.97,0.000000

13.42,0,0.00,-151.05,223.53,0.000000

13.43,0,0.00,-153.30,193.82,0.000000

13.44,0,0.00,-155.85,122.65,0.000000

13.46,0,0.00,-158.70,230.38,0.000000

13.47,0,0.00,-161.70,233.04,0.000000

13.49,0,0.00,-164.85,131.28,0.000000

13.50,0,0.00,-168.45,244.40,-12.000000

13.52,0,0.00,-172.05,239.60,-12.000000

13.53,0,0.00,-175.95,241.93,-12.000000

13.55,0,0.00,-179.85,356.42,-12.000000

13.56,0,0.00,176.40,243.38,-12.000000

13.58,0,0.00,172.65,233.21,-12.000000

13.59,0,0.00,168.90,244.90,-12.000000

13.61,0,0.00,165.45,128.03,0.000000

13.62,0,0.00,162.30,132.14,0.000000

13.64,0,0.00,159.30,205.48,0.000000

13.65,0,0.00,156.45,234.11,0.000000

13.67,0,0.00,153.90,232.37,0.000000

13.68,0,0.00,151.65,115.35,0.000000

13.69,0,0.00,149.55,189.08,0.000000

13.71,0,0.00,147.75,189.02,0.000000

13.72,0,0.00,146.25,182.45,0.000000

13.73,0,0.00,145.05,160.15,0.000000

13.75,0,0.00,144.15,76.18,0.000000

13.76,0,0.00,143.55,18.18,0.000000

13.77,0,0.00,143.25,0.28,0.000000

13.79,0,0.00,143.10,0.00,0.000000

13.80,0,0.00,143.40,-4.44,0.000000

13.81,0,0.00,143.85,-4.44,0.000000

13.83,0,0.00,144.75,-76.33,0.000000

13.84,0,0.00,145.80,-80.50,0.000000

13.85,0,0.00,147.15,-82.61,0.000000

13.86,0,0.00,148.80,-93.09,0.000000

13.88,0,0.00,150.75,-99.77,0.000000

13.89,0,0.00,153.00,-198.95,0.000000

13.91,0,0.00,155.40,-199.38,0.000000

13.92,0,0.00,158.10,-205.64,0.000000

13.94,0,0.00,160.95,-130.77,0.000000

13.95,0,0.00,164.10,-258.15,0.000000

13.96,0,0.00,167.40,-244.16,12.000000

13.98,0,0.00,171.00,-246.10,12.000000

13.99,0,0.00,174.75,-245.17,12.000000

14.01,0,0.00,178.50,-244.54,12.000000

14.02,0,0.00,-177.75,-243.81,12.000000

14.04,0,0.00,-174.00,-210.20,12.000000

14.05,0,0.00,-170.25,-245.58,12.000000

14.07,0,0.00,-166.65,-245.02,12.000000

14.08,0,0.00,-163.35,-253.56,0.000000

14.10,0,0.00,-160.35,-202.86,0.000000

14.11,0,0.00,-157.50,-122.75,0.000000

14.13,0,0.00,-154.80,-197.34,0.000000

14.14,0,0.00,-152.40,-194.77,0.000000

14.15,0,0.00,-150.30,-93.77,0.000000

14.17,0,0.00,-148.35,-184.90,0.000000

14.18,0,0.00,-146.85,-45.46,0.000000

14.19,0,0.00,-145.50,-151.04,0.000000

14.21,0,0.00,-144.45,-147.06,0.000000

14.22,0,0.00,-143.85,-8.82,0.000000

14.24,0,0.00,-143.40,-8.68,0.000000

14.25,0,0.00,-143.25,-0.03,0.000000

14.26,0,0.00,-143.55,69.96,0.000000

14.28,0,0.00,-144.00,69.99,0.000000

14.29,0,0.00,-144.75,73.93,0.000000

14.30,0,0.00,-145.80,79.41,0.000000

14.32,0,0.00,-147.15,91.30,0.000000

14.33,0,0.00,-148.80,162.86,0.000000

14.34,0,0.00,-150.75,183.91,0.000000

14.36,0,0.00,-153.00,222.67,0.000000

14.37,0,0.00,-155.40,198.49,0.000000

14.39,0,0.00,-158.10,230.97,0.000000

14.40,0,0.00,-160.95,201.24,0.000000

14.41,0,0.00,-164.10,246.86,0.000000

14.43,0,0.00,-167.40,241.15,-12.000000

14.44,0,0.00,-171.00,243.41,-12.000000

14.46,0,0.00,-174.75,241.27,-12.000000

14.48,0,0.00,-178.50,241.34,-12.000000

14.49,0,0.00,177.60,243.59,-12.000000

14.51,0,0.00,173.85,243.75,-12.000000

14.52,0,0.00,170.25,244.75,-12.000000

14.54,0,0.00,166.65,246.36,-12.000000

14.55,0,0.00,163.50,237.41,0.000000

14.56,0,0.00,160.50,236.21,0.000000

14.58,0,0.00,157.80,117.49,0.000000

14.59,0,0.00,155.10,232.79,0.000000

14.61,0,0.00,152.85,99.25,0.000000

14.62,0,0.00,150.75,94.91,0.000000

14.63,0,0.00,148.80,193.74,0.000000

14.65,0,0.00,147.30,90.71,0.000000

14.66,0,0.00,145.95,163.45,0.000000

14.67,0,0.00,145.05,37.58,0.000000

14.69,0,0.00,144.30,36.36,0.000000

14.70,0,0.00,143.85,35.82,0.000000

14.71,0,0.00,143.70,0.14,0.000000

14.73,0,0.00,143.85,-0.03,0.000000

14.74,0,0.00,144.30,-35.31,0.000000

14.75,0,0.00,145.05,-149.93,0.000000

14.77,0,0.00,145.95,-40.02,0.000000

14.78,0,0.00,147.30,-165.08,0.000000

14.79,0,0.00,148.80,-93.26,0.000000

14.81,0,0.00,150.60,-95.19,0.000000

14.82,0,0.00,152.70,-188.31,0.000000

14.83,0,0.00,155.10,-228.03,0.000000

14.85,0,0.00,157.65,-232.28,0.000000

14.86,0,0.00,160.35,-117.39,0.000000

14.88,0,0.00,163.35,-129.07,0.000000

14.89,0,0.00,166.65,-248.41,12.000000

14.91,0,0.00,170.10,-245.99,12.000000

14.92,0,0.00,173.70,-244.36,12.000000

14.94,0,0.00,177.45,-243.35,12.000000

14.95,0,0.00,-178.80,-243.07,12.000000

14.97,0,0.00,-175.05,-244.11,12.000000

14.98,0,0.00,-171.45,-245.95,12.000000

15.00,0,0.00,-167.85,-244.85,12.000000

15.01,0,0.00,-164.55,-233.72,0.000000

15.03,0,0.00,-161.40,-254.99,0.000000

15.04,0,0.00,-158.55,-231.83,0.000000

15.05,0,0.00,-155.85,-228.75,0.000000

15.07,0,0.00,-153.45,-194.26,0.000000

15.08,0,0.00,-151.35,-92.33,0.000000

15.10,0,0.00,-149.40,-93.20,0.000000

15.11,0,0.00,-147.75,-88.97,0.000000

15.12,0,0.00,-146.40,-80.02,0.000000

15.14,0,0.00,-145.35,-37.05,0.000000

15.15,0,0.00,-144.60,-8.96,0.000000

15.16,0,0.00,-144.15,-0.28,0.000000

15.18,0,0.00,-143.85,-0.27,0.000000

15.19,0,0.00,-144.00,2.19,0.000000

15.20,0,0.00,-144.30,1.10,0.000000

15.22,0,0.00,-145.05,37.70,0.000000

15.23,0,0.00,-145.95,37.31,0.000000

15.24,0,0.00,-147.30,162.39,0.000000

15.26,0,0.00,-148.80,161.00,0.000000

15.27,0,0.00,-150.60,91.92,0.000000

15.29,0,0.00,-152.70,185.97,0.000000

15.30,0,0.00,-155.10,228.04,0.000000

15.31,0,0.00,-157.65,227.11,0.000000

15.33,0,0.00,-160.50,249.64,0.000000

15.34,0,0.00,-163.35,126.86,0.000000

15.36,0,0.00,-166.65,243.54,-12.000000

15.37,0,0.00,-170.10,217.64,-12.000000

15.39,0,0.00,-173.85,242.63,-12.000000

15.40,0,0.00,-177.45,242.21,-12.000000

15.42,0,0.00,178.80,241.63,-12.000000

15.43,0,0.00,175.05,243.11,-12.000000

15.45,0,0.00,171.45,218.15,-12.000000

15.46,0,0.00,167.85,245.23,-12.000000

15.48,0,0.00,164.55,257.73,0.000000

15.49,0,0.00,161.55,256.05,0.000000

15.51,0,0.00,158.85,124.91,0.000000

15.52,0,0.00,156.15,233.61,0.000000

15.53,0,0.00,153.90,99.58,0.000000

15.55,0,0.00,151.65,190.60,0.000000

15.56,0,0.00,149.85,94.87,0.000000

15.57,0,0.00,148.20,162.65,0.000000

15.59,0,0.00,146.85,82.55,0.000000

15.60,0,0.00,145.80,75.21,0.000000

15.61,0,0.00,145.05,36.36,0.000000

15.63,0,0.00,144.60,1.10,0.000000

15.64,0,0.00,144.30,4.41,0.000000

15.65,0,0.00,144.45,-8.88,0.000000

15.67,0,0.00,144.75,-17.91,0.000000

15.68,0,0.00,145.35,-18.87,0.000000

15.69,0,0.00,146.25,-39.87,0.000000

15.71,0,0.00,147.45,-90.87,0.000000

15.72,0,0.00,148.95,-183.02,0.000000

15.73,0,0.00,150.60,-93.40,0.000000

15.75,0,0.00,152.55,-94.57,0.000000

15.76,0,0.00,154.80,-99.01,0.000000

15.77,0,0.00,157.35,-202.51,0.000000

15.79,0,0.00,160.05,-234.52,0.000000

15.80,0,0.00,162.90,-234.31,0.000000

15.82,0,0.00,165.90,-196.12,12.000000

15.83,0,0.00,169.35,-243.98,12.000000

15.85,0,0.00,172.95,-245.98,12.000000

15.86,0,0.00,176.55,-244.69,12.000000

15.88,0,0.00,-179.85,-129.26,11.000000

15.89,0,0.00,-176.10,-243.53,12.000000

15.91,0,0.00,-172.50,-240.81,12.000000

15.92,0,0.00,-168.90,-245.49,12.000000

15.94,0,0.00,-165.60,-122.09,0.000000

15.95,0,0.00,-162.45,-245.89,0.000000

15.97,0,0.00,-159.60,-200.00,0.000000

15.98,0,0.00,-156.90,-202.03,0.000000

16.00,0,0.00,-154.50,-115.79,0.000000

16.01,0,0.00,-152.25,-186.50,0.000000

16.02,0,0.00,-150.30,-185.48,0.000000

16.04,0,0.00,-148.65,-90.78,0.000000

16.05,0,0.00,-147.30,-39.92,0.000000

16.06,0,0.00,-146.10,-74.93,0.000000

16.08,0,0.00,-145.35,-8.96,0.000000

16.09,0,0.00,-144.75,-8.75,0.000000

16.10,0,0.00,-144.45,-4.37,0.000000

16.12,0,0.00,-144.45,-0.00,0.000000

16.13,0,0.00,-144.75,0.27,0.000000

16.14,0,0.00,-145.35,8.82,0.000000

16.16,0,0.00,-146.25,37.03,0.000000

16.17,0,0.00,-147.45,79.96,0.000000

16.18,0,0.00,-148.95,180.50,0.000000

16.20,0,0.00,-150.60,93.76,0.000000

16.21,0,0.00,-152.55,92.24,0.000000

16.23,0,0.00,-154.80,98.50,0.000000

16.24,0,0.00,-157.35,228.77,0.000000

16.25,0,0.00,-160.05,231.73,0.000000

16.27,0,0.00,-162.90,205.39,0.000000

16.28,0,0.00,-166.05,245.82,-12.000000

16.30,0,0.00,-169.35,192.43,-12.000000

16.31,0,0.00,-172.95,242.30,-12.000000

16.33,0,0.00,-176.55,242.02,-12.000000

16.34,0,0.00,179.70,247.50,-12.000000

16.36,0,0.00,176.10,242.96,-12.000000

16.37,0,0.00,172.50,243.45,-12.000000

16.39,0,0.00,169.05,220.53,-12.000000

16.40,0,0.00,165.60,248.19,0.000000

16.42,0,0.00,162.75,125.65,0.000000

16.43,0,0.00,159.90,203.26,0.000000

16.45,0,0.00,157.35,116.13,0.000000

16.46,0,0.00,154.95,100.23,0.000000

16.47,0,0.00,152.70,190.05,0.000000

16.49,0,0.00,150.75,187.91,0.000000

16.50,0,0.00,149.10,166.49,0.000000

16.51,0,0.00,147.75,80.63,0.000000

16.53,0,0.00,146.70,19.02,0.000000

16.54,0,0.00,145.80,36.93,0.000000

16.55,0,0.00,145.20,70.63,0.000000

16.57,0,0.00,144.90,35.78,0.000000

16.58,0,0.00,144.90,0.00,0.000000

16.59,0,0.00,145.20,-8.95,0.000000

16.61,0,0.00,145.65,-4.44,0.000000

16.62,0,0.00,146.55,-75.21,0.000000

16.63,0,0.00,147.60,-80.62,0.000000

16.65,0,0.00,148.95,-91.20,0.000000

16.66,0,0.00,150.60,-166.22,0.000000

16.67,0,0.00,152.55,-229.85,0.000000

16.69,0,0.00,154.65,-199.90,0.000000

16.70,0,0.00,157.05,-232.55,0.000000

16.71,0,0.00,159.60,-233.02,0.000000

16.73,0,0.00,162.30,-202.13,0.000000

16.74,0,0.00,165.30,-236.25,0.000000

16.76,0,0.00,168.60,-247.05,12.000000

16.77,0,0.00,172.05,-246.32,12.000000

16.79,0,0.00,175.50,-242.07,12.000000

16.80,0,0.00,179.10,-243.09,12.000000

16.82,0,0.00,-177.30,-241.08,12.000000

16.83,0,0.00,-173.70,-240.72,12.000000

16.85,0,0.00,-170.10,-245.69,12.000000

16.86,0,0.00,-166.80,-233.08,12.000000

16.88,0,0.00,-163.65,-246.68,0.000000

16.89,0,0.00,-160.80,-200.39,0.000000

16.91,0,0.00,-158.10,-197.70,0.000000

16.92,0,0.00,-155.55,-229.87,0.000000

16.93,0,0.00,-153.30,-226.55,0.000000

16.95,0,0.00,-151.35,-112.66,0.000000

16.96,0,0.00,-149.55,-183.49,0.000000

16.98,0,0.00,-148.20,-40.53,0.000000

16.99,0,0.00,-147.00,-37.21,0.000000

17.00,0,0.00,-146.10,-18.20,0.000000

17.02,0,0.00,-145.50,-2.19,0.000000

17.03,0,0.00,-145.05,-17.50,0.000000

17.04,0,0.00,-145.05,-0.00,0.000000

17.06,0,0.00,-145.20,0.14,0.000000

17.07,0,0.00,-145.80,139.99,0.000000

17.08,0,0.00,-146.55,74.51,0.000000

17.10,0,0.00,-147.60,78.31,0.000000

17.11,0,0.00,-148.95,90.26,0.000000

17.12,0,0.00,-150.60,184.77,0.000000

17.14,0,0.00,-152.40,93.10,0.000000

17.15,0,0.00,-154.65,226.09,0.000000

17.17,0,0.00,-156.90,112.32,0.000000

17.18,0,0.00,-159.60,229.82,0.000000

17.19,0,0.00,-162.30,124.40,0.000000

17.21,0,0.00,-165.30,232.88,0.000000

17.22,0,0.00,-168.60,240.08,-12.000000

17.24,0,0.00,-172.05,241.11,-12.000000

17.25,0,0.00,-175.65,241.45,-12.000000

17.27,0,0.00,-179.25,242.91,-12.000000

17.28,0,0.00,177.15,243.59,-12.000000

17.30,0,0.00,173.55,245.01,-12.000000

17.31,0,0.00,170.10,245.83,-12.000000

17.33,0,0.00,166.80,239.64,-12.000000

17.34,0,0.00,163.80,204.82,0.000000

17.36,0,0.00,160.95,233.64,0.000000

17.37,0,0.00,158.40,116.23,0.000000

17.39,0,0.00,155.85,235.31,0.000000

17.40,0,0.00,153.75,99.85,0.000000

17.41,0,0.00,151.80,94.70,0.000000

17.43,0,0.00,150.00,192.41,0.000000

17.44,0,0.00,148.65,46.85,0.000000

17.45,0,0.00,147.45,75.99,0.000000

17.47,0,0.00,146.55,36.71,0.000000

17.48,0,0.00,145.95,4.51,0.000000

17.49,0,0.00,145.50,142.06,0.000000

17.51,0,0.00,145.50,0.00,0.000000

17.52,0,0.00,145.65,-1.13,0.000000

17.53,0,0.00,146.10,-18.38,0.000000

17.55,0,0.00,146.85,-76.66,0.000000

17.56,0,0.00,147.75,-20.10,0.000000

17.57,0,0.00,149.10,-161.39,0.000000

17.59,0,0.00,150.60,-93.36,0.000000

17.60,0,0.00,152.40,-96.69,0.000000

17.61,0,0.00,154.50,-198.53,0.000000

17.63,0,0.00,156.75,-200.90,0.000000

17.64,0,0.00,159.15,-116.72,0.000000

17.65,0,0.00,161.85,-124.41,0.000000

17.67,0,0.00,164.70,-206.70,0.000000

17.68,0,0.00,167.85,-123.85,10.000000

17.70,0,0.00,171.30,-247.46,12.000000

17.71,0,0.00,174.75,-244.78,12.000000

17.73,0,0.00,178.20,-231.10,12.000000

17.74,0,0.00,-178.20,-244.76,12.000000

17.76,0,0.00,-174.60,-243.46,12.000000

17.77,0,0.00,-171.15,-243.79,12.000000

17.79,0,0.00,-167.85,-193.13,12.000000

17.80,0,0.00,-164.70,-202.38,0.000000

17.82,0,0.00,-161.85,-123.90,0.000000

17.83,0,0.00,-159.15,-115.02,0.000000

17.85,0,0.00,-156.60,-197.38,0.000000

17.86,0,0.00,-154.35,-112.49,0.000000

17.87,0,0.00,-152.25,-186.60,0.000000

17.89,0,0.00,-150.45,-183.74,0.000000

17.90,0,0.00,-148.95,-159.98,0.000000

17.92,0,0.00,-147.75,-40.21,0.000000

17.93,0,0.00,-146.85,-9.26,0.000000

17.94,0,0.00,-146.10,-35.53,0.000000

17.96,0,0.00,-145.65,-68.97,0.000000

17.97,0,0.00,-145.65,-0.00,0.000000

17.98,0,0.00,-145.80,140.98,0.000000

18.00,0,0.00,-146.10,2.21,0.000000

18.01,0,0.00,-146.85,36.36,0.000000

18.02,0,0.00,-147.90,158.44,0.000000

18.04,0,0.00,-149.10,79.89,0.000000

18.05,0,0.00,-150.60,81.07,0.000000

18.06,0,0.00,-152.40,93.26,0.000000

18.08,0,0.00,-154.50,189.33,0.000000

18.09,0,0.00,-156.75,187.91,0.000000

18.11,0,0.00,-159.30,229.28,0.000000

18.12,0,0.00,-162.00,232.56,0.000000

18.13,0,0.00,-164.85,233.74,0.000000

18.15,0,0.00,-168.00,218.53,-12.000000

18.16,0,0.00,-171.45,242.71,-12.000000

18.18,0,0.00,-174.90,242.36,-12.000000

18.19,0,0.00,-178.50,245.55,-12.000000

18.21,0,0.00,178.05,239.60,-12.000000

18.23,0,0.00,174.45,243.98,-12.000000

18.24,0,0.00,171.00,246.69,-12.000000

18.25,0,0.00,167.70,244.26,-12.000000

18.27,0,0.00,164.70,203.50,0.000000

18.28,0,0.00,161.85,235.06,0.000000

18.30,0,0.00,159.30,116.37,0.000000

18.31,0,0.00,156.75,235.85,0.000000

18.32,0,0.00,154.65,99.93,0.000000

18.34,0,0.00,152.70,94.03,0.000000

18.35,0,0.00,150.90,94.90,0.000000

18.37,0,0.00,149.40,161.59,0.000000

18.38,0,0.00,148.20,76.12,0.000000

18.39,0,0.00,147.30,18.94,0.000000

18.41,0,0.00,146.55,72.15,0.000000

18.42,0,0.00,146.25,0.14,0.000000

18.43,0,0.00,146.10,0.00,0.000000

18.45,0,0.00,146.10,0.00,0.000000

18.46,0,0.00,146.55,-18.38,0.000000

18.47,0,0.00,147.15,-18.59,0.000000

18.48,0,0.00,148.05,-20.22,0.000000

18.50,0,0.00,149.25,-44.62,0.000000

18.51,0,0.00,150.75,-94.79,0.000000

18.53,0,0.00,152.40,-93.10,0.000000

18.54,0,0.00,154.35,-96.11,0.000000

18.55,0,0.00,156.60,-200.41,0.000000

18.57,0,0.00,159.00,-227.98,0.000000

18.58,0,0.00,161.55,-205.46,0.000000

18.59,0,0.00,164.40,-249.88,0.000000

18.61,0,0.00,167.40,-241.19,12.000000

18.62,0,0.00,170.70,-245.66,12.000000

18.64,0,0.00,174.00,-233.78,12.000000

18.65,0,0.00,177.45,-218.19,12.000000

18.67,0,0.00,-178.95,-242.99,12.000000

18.68,0,0.00,-175.50,-243.01,12.000000

18.70,0,0.00,-172.05,-241.60,12.000000

18.71,0,0.00,-168.75,-220.71,12.000000

18.73,0,0.00,-165.60,-121.13,0.000000

18.74,0,0.00,-162.60,-248.72,0.000000

18.76,0,0.00,-160.05,-114.74,0.000000

18.77,0,0.00,-157.50,-187.70,0.000000

18.79,0,0.00,-155.25,-95.09,0.000000

18.80,0,0.00,-153.15,-112.51,0.000000

18.81,0,0.00,-151.35,-92.89,0.000000

18.83,0,0.00,-149.85,-40.89,0.000000

18.84,0,0.00,-148.50,-78.91,0.000000

18.85,0,0.00,-147.45,-146.79,0.000000

18.87,0,0.00,-146.70,-141.11,0.000000

18.88,0,0.00,-146.25,-69.51,0.000000

18.89,0,0.00,-146.10,-0.27,0.000000

18.91,0,0.00,-146.25,2.19,0.000000

18.92,0,0.00,-146.55,4.41,0.000000

18.93,0,0.00,-147.15,9.09,0.000000

18.95,0,0.00,-148.05,18.38,0.000000

18.96,0,0.00,-149.25,39.46,0.000000

18.98,0,0.00,-150.75,88.96,0.000000

18.99,0,0.00,-152.40,81.67,0.000000

19.00,0,0.00,-154.35,93.16,0.000000

19.02,0,0.00,-156.60,187.99,0.000000

19.03,0,0.00,-159.00,197.07,0.000000

19.05,0,0.00,-161.70,247.16,0.000000

19.06,0,0.00,-164.40,200.49,0.000000

19.07,0,0.00,-167.55,245.77,-12.000000

19.09,-110,-8578.43,-173.10,366.66,-12.000000

19.11,-314,-11160.71,179.70,418.36,-12.000000

19.14,-575,-13636.36,171.15,470.91,-9.000000

19.16,-841,-13480.39,163.20,365.69,0.000000

19.18,-1060,-11138.61,156.15,279.59,0.000000

19.20,-1246,-8928.57,150.00,317.01,0.000000

19.21,-1398,-8021.39,144.90,254.48,0.000000

19.23,-1521,-6756.76,140.85,201.97,0.000000

19.25,-1619,-4360.47,137.70,157.45,0.000000

19.27,-1691,-4189.94,135.45,73.61,0.000000

19.29,-1742,-2994.01,133.95,35.19,0.000000

19.30,-1774,-1524.39,133.35,0.23,0.000000

19.32,-1787,0.00,133.20,0.00,0.000000

19.33,-1788,0.00,133.80,-32.84,0.000000

19.35,-1788,0.00,134.85,-146.62,0.000000

19.36,-1788,0.00,136.20,-75.53,0.000000

19.38,-1788,0.00,138.15,-176.02,0.000000

19.39,-1788,0.00,140.40,-184.34,0.000000

19.41,-1788,0.00,142.95,-109.00,0.000000

19.42,-1788,0.00,146.10,-231.79,0.000000

19.44,-1788,0.00,149.55,-243.05,0.000000

19.45,-1788,0.00,153.30,-244.53,0.000000

19.47,-1788,0.00,157.35,-250.43,0.000000

19.48,-1788,0.00,161.70,-309.35,0.000000

19.50,-1788,0.00,166.20,-355.54,12.000000

19.52,-1733,7211.54,172.20,-449.46,11.000000

19.54,-1568,9569.38,-179.25,-470.51,8.000000

19.56,-1375,9523.81,-170.10,-480.84,6.000000

19.58,-1188,8793.97,-161.55,-399.16,0.000000

19.60,-1037,6544.50,-153.90,-389.45,0.000000

19.61,-923,5291.01,-147.30,-341.18,0.000000

19.63,-842,4098.36,-141.90,-222.83,0.000000

19.65,-789,2777.78,-137.25,-214.90,0.000000

19.67,-765,1428.57,-133.65,-209.77,0.000000

19.68,-761,0.00,-131.10,-174.31,0.000000

19.70,-761,0.00,-129.15,-169.15,0.000000

19.71,-761,0.00,-127.80,-36.48,0.000000

19.73,-761,0.00,-126.75,-133.43,0.000000

19.74,-761,0.00,-126.30,-8.03,0.000000

19.76,-761,0.00,-126.30,-0.00,0.000000

19.77,-761,0.00,-126.75,32.17,0.000000

19.79,-761,0.00,-127.65,36.41,0.000000

19.80,-761,0.00,-129.00,75.20,0.000000

19.81,-761,0.00,-130.95,208.79,0.000000

19.83,-761,0.00,-133.20,183.46,0.000000

19.85,-761,0.00,-136.05,230.05,0.000000

19.86,-761,0.00,-139.20,190.19,0.000000

19.87,-761,0.00,-142.95,245.50,0.000000

19.89,-761,0.00,-147.00,275.60,0.000000

19.91,-761,0.00,-151.35,259.85,0.000000

19.92,-761,0.00,-156.15,311.94,0.000000

19.94,-761,0.00,-161.10,312.40,0.000000

19.95,-761,0.00,-166.35,306.78,-12.000000

19.97,-761,0.00,-172.05,377.55,-12.000000

19.98,-761,0.00,-177.90,385.93,-12.000000

20.00,-761,0.00,176.40,304.76,-12.000000

20.02,-761,0.00,170.55,383.53,-12.000000

20.03,-761,0.00,165.00,406.53,0.000000

20.05,-761,0.00,160.05,282.92,0.000000

20.06,-761,0.00,155.25,266.05,0.000000

20.08,-761,0.00,150.60,279.62,0.000000

20.09,-761,0.00,146.40,251.75,0.000000

20.11,-761,0.00,142.50,251.11,0.000000

20.12,-761,0.00,139.05,123.51,0.000000

20.14,-761,0.00,135.90,217.77,0.000000

20.15,-761,0.00,133.20,220.41,0.000000

20.17,-761,0.00,131.10,92.02,0.000000

20.18,-761,0.00,129.30,172.00,0.000000

20.20,-761,0.00,128.10,37.93,0.000000

20.21,-761,0.00,127.20,135.11,0.000000

20.23,-761,0.00,126.90,0.13,0.000000

20.24,-761,0.00,126.90,0.00,0.000000

20.25,-761,0.00,127.35,-4.16,0.000000

20.27,-761,0.00,128.40,-150.62,0.000000

20.28,-761,0.00,129.75,-154.39,0.000000

20.30,-761,0.00,131.55,-92.42,0.000000

20.31,-761,0.00,133.80,-106.96,0.000000

20.33,-761,0.00,136.65,-234.75,0.000000

20.34,-761,0.00,139.80,-234.82,0.000000

20.36,-761,0.00,143.40,-248.91,0.000000

20.37,-761,0.00,147.30,-250.93,0.000000

20.39,-761,0.00,151.65,-255.62,0.000000

20.40,-761,0.00,156.30,-280.36,0.000000

20.42,-761,0.00,161.25,-384.73,0.000000

20.43,-761,0.00,166.35,-386.41,12.000000

20.45,-761,0.00,171.90,-382.28,12.000000

20.46,-761,0.00,177.60,-379.55,12.000000

20.48,-761,0.00,-176.70,-377.57,12.000000

20.50,-761,0.00,-171.00,-322.78,12.000000

20.51,-761,0.00,-165.45,-313.57,0.000000

20.53,-761,0.00,-160.35,-314.71,0.000000

20.54,-761,0.00,-155.40,-384.79,0.000000

20.56,-761,0.00,-150.90,-260.67,0.000000

20.57,-761,0.00,-146.55,-261.91,0.000000

20.59,-761,0.00,-142.65,-247.40,0.000000

20.60,-761,0.00,-139.20,-122.67,0.000000

20.62,-761,0.00,-136.05,-187.61,0.000000

20.63,-761,0.00,-133.35,-214.30,0.000000

20.65,-761,0.00,-131.25,-88.00,0.000000

20.66,-761,0.00,-129.45,-169.12,0.000000

20.68,-761,0.00,-128.25,-73.37,0.000000

20.69,-761,0.00,-127.50,-16.65,0.000000

20.71,-761,0.00,-127.20,-0.03,0.000000

20.72,-761,0.00,-127.35,65.10,0.000000

20.74,-761,0.00,-127.80,8.21,0.000000

20.75,-761,0.00,-128.85,37.11,0.000000

20.76,-761,0.00,-130.35,86.08,0.000000

20.78,-761,0.00,-132.30,172.96,0.000000

20.79,-761,0.00,-134.70,182.98,0.000000

20.81,-761,0.00,-137.55,121.01,0.000000

20.82,-761,0.00,-140.85,122.21,0.000000

20.84,-761,0.00,-144.60,246.16,0.000000

20.85,-761,0.00,-148.65,244.95,0.000000

20.87,-761,0.00,-153.15,274.12,0.000000

20.88,-761,0.00,-157.95,377.31,0.000000

20.90,-761,0.00,-162.90,320.33,0.000000

20.92,-761,0.00,-168.15,303.90,-12.000000

20.93,-761,0.00,-173.85,375.55,-12.000000

20.95,-761,0.00,-179.55,319.53,-12.000000

20.97,-761,0.00,174.75,305.22,-12.000000

20.98,-761,0.00,169.05,378.84,-12.000000

21.00,-761,0.00,163.80,317.72,0.000000

21.01,-761,0.00,158.85,376.67,0.000000

21.03,-761,0.00,154.20,281.03,0.000000

21.04,-761,0.00,149.85,251.21,0.000000

21.06,-761,0.00,145.80,227.92,0.000000

21.07,-761,0.00,142.05,249.43,0.000000

21.09,-761,0.00,138.75,194.52,0.000000

21.10,-761,0.00,135.75,231.72,0.000000

21.12,-761,0.00,133.35,109.00,0.000000

21.13,-761,0.00,131.40,77.22,0.000000

21.15,-761,0.00,129.75,86.61,0.000000

21.16,-761,0.00,128.70,18.59,0.000000

21.17,-761,0.00,127.95,33.53,0.000000

21.19,-761,0.00,127.80,0.00,0.000000

21.20,-761,0.00,127.95,-8.37,0.000000

21.22,-761,0.00,128.55,-34.30,0.000000

21.23,-761,0.00,129.60,-74.92,0.000000

21.25,-761,0.00,131.10,-86.77,0.000000

21.26,-761,0.00,133.05,-105.76,0.000000

21.27,-761,0.00,135.45,-109.37,0.000000

21.29,-761,0.00,138.30,-192.35,0.000000

21.30,-761,0.00,141.60,-234.54,0.000000

21.32,-761,0.00,145.35,-371.24,0.000000

21.33,-761,0.00,149.25,-249.17,0.000000

21.35,-761,0.00,153.75,-372.49,0.000000

21.36,-761,0.00,158.40,-376.33,0.000000

21.38,-761,0.00,163.20,-317.59,0.000000

21.40,-761,0.00,168.45,-364.24,12.000000

21.41,-761,0.00,174.00,-380.54,12.000000

21.43,-761,0.00,179.55,-302.61,12.000000

21.44,-761,0.00,-174.75,-361.11,12.000000

21.46,-761,0.00,-169.20,-305.80,12.000000

21.48,-761,0.00,-163.80,-380.35,0.000000

21.49,-761,0.00,-158.85,-378.77,0.000000

21.51,-761,0.00,-154.20,-276.01,0.000000

21.52,-761,0.00,-149.70,-304.72,0.000000

21.54,-761,0.00,-145.65,-247.73,0.000000

21.55,-761,0.00,-141.90,-250.02,0.000000

21.57,-761,0.00,-138.60,-238.25,0.000000

21.58,-761,0.00,-135.75,-213.01,0.000000

21.60,-761,0.00,-133.35,-104.90,0.000000

21.61,-761,0.00,-131.40,-86.76,0.000000

21.63,-761,0.00,-129.90,-37.61,0.000000

21.64,-761,0.00,-128.85,-17.37,0.000000

21.66,-761,0.00,-128.25,-2.02,0.000000

21.67,-761,0.00,-128.10,-0.00,0.000000

21.68,-761,0.00,-128.40,132.30,0.000000

21.70,-761,0.00,-129.00,16.93,0.000000

21.71,-761,0.00,-130.20,73.91,0.000000

21.73,-761,0.00,-131.85,86.21,0.000000

21.74,-761,0.00,-133.95,173.76,0.000000

21.76,-761,0.00,-136.50,183.25,0.000000

21.77,-761,0.00,-139.50,218.05,0.000000

21.79,-761,0.00,-142.95,245.96,0.000000

21.80,-761,0.00,-146.70,246.29,0.000000

21.82,-761,0.00,-150.90,258.98,0.000000

21.83,-761,0.00,-155.40,276.04,0.000000

21.85,-761,0.00,-160.20,371.52,0.000000

21.86,-761,0.00,-165.15,320.34,0.000000

21.88,-761,0.00,-170.55,360.23,-12.000000

21.90,-761,0.00,-176.10,303.01,-12.000000

21.91,-761,0.00,178.20,376.72,-12.000000

21.93,-761,0.00,172.65,304.10,-12.000000

21.95,-761,0.00,167.25,269.07,-12.000000

21.96,-761,0.00,162.15,317.40,0.000000

21.98,-761,0.00,157.35,374.48,0.000000

21.99,-761,0.00,152.85,278.26,0.000000

22.01,-761,0.00,148.65,250.47,0.000000

22.02,-761,0.00,144.75,250.82,0.000000

22.04,-761,0.00,141.30,236.81,0.000000

22.05,-761,0.00,138.15,234.32,0.000000

22.07,-761,0.00,135.45,216.87,0.000000

22.08,-761,0.00,133.20,183.88,0.000000

22.09,-761,0.00,131.40,170.43,0.000000

22.11,-761,0.00,130.05,149.08,0.000000

22.12,-761,0.00,129.15,35.84,0.000000

22.14,-761,0.00,128.70,2.13,0.000000

22.15,-761,0.00,128.70,-65.10,0.000000

22.17,-761,0.00,129.00,-8.46,0.000000

22.18,-761,0.00,129.75,-17.70,0.000000

22.19,-761,0.00,131.10,-153.41,0.000000

22.21,-761,0.00,132.75,-87.50,0.000000

22.22,-761,0.00,134.85,-106.34,0.000000

22.24,-761,0.00,137.55,-242.44,0.000000

22.25,-761,0.00,140.55,-244.82,0.000000

22.27,-761,0.00,143.85,-243.99,0.000000

22.28,-761,0.00,147.60,-248.42,0.000000

22.30,-761,0.00,151.80,-262.30,0.000000

22.31,-761,0.00,156.15,-256.91,0.000000

22.33,-761,0.00,160.95,-316.58,0.000000

22.34,-761,0.00,165.75,-282.94,12.000000

22.36,-761,0.00,171.15,-306.85,12.000000

22.38,-761,0.00,176.70,-381.93,12.000000

22.39,-761,0.00,-177.75,-377.52,12.000000

22.41,-761,0.00,-172.20,-379.18,12.000000

22.42,-761,0.00,-166.80,-362.01,12.000000

22.44,-761,0.00,-161.85,-279.26,0.000000

22.46,-761,0.00,-157.05,-277.33,0.000000

22.47,-761,0.00,-152.55,-259.42,0.000000

22.49,-761,0.00,-148.35,-244.89,0.000000

22.50,-761,0.00,-144.45,-246.91,0.000000

22.52,-761,0.00,-141.00,-231.20,0.000000

22.53,-761,0.00,-137.85,-240.43,0.000000

22.55,-761,0.00,-135.30,-182.67,0.000000

22.56,-761,0.00,-133.05,-182.63,0.000000

22.58,-761,0.00,-131.40,-84.53,0.000000

22.59,-761,0.00,-130.05,-147.99,0.000000

22.60,-761,0.00,-129.30,-32.85,0.000000

22.62,-761,0.00,-129.00,-0.02,0.000000

22.63,-761,0.00,-129.00,1.02,0.000000

22.65,-761,0.00,-129.45,8.21,0.000000

22.66,-761,0.00,-130.50,147.87,0.000000

22.68,-761,0.00,-131.85,85.40,0.000000

22.69,-761,0.00,-133.65,87.57,0.000000

22.71,-761,0.00,-136.05,213.39,0.000000

22.72,-761,0.00,-138.75,215.77,0.000000

22.74,-761,0.00,-141.90,232.20,0.000000

22.75,-761,0.00,-145.50,246.35,0.000000

22.77,-761,0.00,-149.40,246.46,0.000000

22.78,-761,0.00,-153.75,275.32,0.000000

22.80,-761,0.00,-158.25,261.56,0.000000

22.81,-761,0.00,-163.05,278.66,0.000000

22.83,-761,0.00,-168.30,378.89,-12.000000

22.84,-761,0.00,-173.70,369.17,-12.000000

22.86,-761,0.00,-179.25,375.35,-12.000000

22.88,-761,0.00,175.20,378.23,-12.000000

22.89,-761,0.00,169.80,305.94,-12.000000

22.91,-761,0.00,164.55,377.18,0.000000

22.92,-761,0.00,159.75,375.78,0.000000

22.94,-761,0.00,155.25,264.74,0.000000

22.96,-761,0.00,150.90,278.28,0.000000

22.97,-761,0.00,147.00,249.36,0.000000

22.98,-761,0.00,143.40,196.67,0.000000

23.00,-761,0.00,140.10,234.31,0.000000

23.01,-761,0.00,137.25,218.94,0.000000

23.03,-761,0.00,134.85,213.01,0.000000

23.04,-761,0.00,132.90,176.74,0.000000

23.06,-761,0.00,131.40,77.60,0.000000

23.07,-761,0.00,130.35,35.68,0.000000

23.09,-761,0.00,129.75,1.05,0.000000

23.10,-761,0.00,129.45,0.03,0.000000

23.11,-761,0.00,129.60,-0.26,0.000000

23.13,-761,0.00,130.20,-8.69,0.000000

23.14,-761,0.00,131.25,-37.45,0.000000

23.16,-761,0.00,132.75,-84.60,0.000000

23.17,-761,0.00,134.70,-176.85,0.000000

23.19,-761,0.00,137.10,-216.22,0.000000

23.20,-761,0.00,139.80,-191.55,0.000000

23.22,-761,0.00,142.95,-124.82,0.000000

23.23,-761,0.00,146.55,-249.27,0.000000

23.25,-761,0.00,150.45,-248.65,0.000000

23.26,-761,0.00,154.80,-309.94,0.000000

23.28,-761,0.00,159.30,-280.10,0.000000

23.29,-761,0.00,164.10,-374.87,0.000000

23.31,-761,0.00,169.20,-307.09,12.000000

23.32,-761,0.00,174.60,-378.51,12.000000

23.34,-761,0.00,180.00,-303.12,12.000000

23.36,-761,0.00,-174.60,-295.15,12.000000

23.37,-761,0.00,-169.20,-296.32,12.000000

23.39,-761,0.00,-163.95,-378.71,0.000000

23.40,-761,0.00,-159.15,-381.62,0.000000

23.42,-761,0.00,-154.65,-306.48,0.000000

23.43,-761,0.00,-150.45,-244.95,0.000000

23.45,-761,0.00,-146.40,-245.76,0.000000

23.46,-761,0.00,-142.95,-123.07,0.000000

23.48,-761,0.00,-139.65,-237.77,0.000000

23.50,-761,0.00,-136.95,-182.14,0.000000

23.51,-761,0.00,-134.70,-87.39,0.000000

23.52,-761,0.00,-132.75,-166.80,0.000000

23.54,-761,0.00,-131.40,-36.76,0.000000

23.55,-761,0.00,-130.35,-69.34,0.000000

23.57,-761,0.00,-129.90,-1.06,0.000000

23.58,-761,0.00,-129.75,-0.00,0.000000

23.60,-761,0.00,-130.05,2.02,0.000000

23.61,-761,0.00,-130.80,17.44,0.000000

23.63,-761,0.00,-132.00,37.56,0.000000

23.64,-761,0.00,-133.65,85.51,0.000000

23.66,-761,0.00,-135.75,91.61,0.000000

23.67,-761,0.00,-138.30,115.73,0.000000

23.69,-761,0.00,-141.30,217.78,0.000000

23.70,-761,0.00,-144.60,124.84,0.000000

23.71,-761,0.00,-148.35,243.41,0.000000

23.73,-761,0.00,-152.55,273.37,0.000000

23.75,-761,0.00,-156.90,259.11,0.000000

23.76,-761,0.00,-161.55,276.44,0.000000

23.78,-761,0.00,-166.50,358.38,-12.000000

23.79,-761,0.00,-171.75,300.03,-12.000000

23.81,-761,0.00,-177.30,378.24,-12.000000

23.83,-761,0.00,177.30,371.06,-12.000000

23.84,-761,0.00,171.90,374.63,-12.000000

23.86,-761,0.00,166.65,361.55,-12.000000

23.87,-761,0.00,161.85,311.89,0.000000

23.89,-761,0.00,157.35,256.44,0.000000

23.90,-761,0.00,153.00,252.53,0.000000

23.92,-761,0.00,148.95,249.56,0.000000

23.93,-761,0.00,145.20,249.44,0.000000

23.95,-761,0.00,141.90,238.03,0.000000

23.96,-761,0.00,139.05,117.29,0.000000

23.98,-761,0.00,136.50,109.41,0.000000

23.99,-761,0.00,134.40,87.71,0.000000

24.01,-761,0.00,132.75,77.48,0.000000

24.02,-761,0.00,131.55,18.63,0.000000

24.04,-761,0.00,130.65,133.25,0.000000

24.05,-761,0.00,130.35,0.26,0.000000

24.06,-761,0.00,130.35,0.00,0.000000

24.08,-761,0.00,130.80,-16.46,0.000000

24.09,-761,0.00,131.70,-70.86,0.000000

24.11,-761,0.00,133.05,-167.45,0.000000

24.12,-761,0.00,134.70,-88.45,0.000000

24.14,-761,0.00,136.95,-185.45,0.000000

24.15,-761,0.00,139.50,-185.74,0.000000

24.17,-761,0.00,142.50,-222.12,0.000000

24.18,-761,0.00,145.80,-126.44,0.000000

24.20,-761,0.00,149.55,-248.94,0.000000

24.21,-761,0.00,153.60,-249.52,0.000000

24.23,-761,0.00,157.95,-256.22,0.000000

24.24,-761,0.00,162.60,-375.91,0.000000

24.26,-761,0.00,167.40,-298.84,12.000000

24.27,-761,0.00,172.65,-361.50,12.000000

24.29,-761,0.00,177.90,-304.34,12.000000

24.30,-761,0.00,-176.70,-371.83,12.000000

24.32,-761,0.00,-171.45,-302.19,12.000000

24.34,-761,0.00,-166.35,-264.25,12.000000

24.35,-761,0.00,-161.55,-276.23,0.000000

24.37,-761,0.00,-157.05,-274.60,0.000000

24.38,-761,0.00,-152.85,-251.47,0.000000

24.40,-761,0.00,-148.95,-244.82,0.000000

24.41,-761,0.00,-145.50,-242.98,0.000000

24.43,-761,0.00,-142.50,-188.34,0.000000

24.44,-761,0.00,-139.80,-213.58,0.000000

24.46,-761,0.00,-137.55,-208.54,0.000000

24.47,-761,0.00,-135.75,-167.11,0.000000

24.49,-761,0.00,-134.40,-74.35,0.000000

24.50,-761,0.00,-133.50,-33.40,0.000000

24.52,-761,0.00,-133.05,-0.25,0.000000

24.53,-761,0.00,-132.90,-0.00,0.000000

24.55,-761,0.00,-133.20,1.99,0.000000

24.56,-761,0.00,-134.10,141.64,0.000000

24.57,-761,0.00,-135.15,37.14,0.000000

24.59,-761,0.00,-136.80,86.54,0.000000

24.60,-761,0.00,-138.90,182.42,0.000000

24.62,-761,0.00,-141.30,183.73,0.000000

24.63,-761,0.00,-144.15,219.66,0.000000

24.65,-761,0.00,-147.45,247.07,0.000000

24.67,-761,0.00,-150.90,243.82,0.000000

24.68,-761,0.00,-154.80,245.54,0.000000

24.69,-761,0.00,-159.00,251.99,0.000000

24.71,-761,0.00,-163.35,252.69,0.000000

24.73,-761,0.00,-168.15,356.89,-12.000000

24.74,-761,0.00,-173.10,290.87,-12.000000

24.76,-761,0.00,-178.20,291.74,-12.000000

24.77,-761,0.00,176.70,300.30,-12.000000

24.79,-761,0.00,171.75,261.52,-12.000000

24.81,-761,0.00,166.95,246.61,-12.000000

24.82,-761,0.00,162.45,279.83,0.000000

24.84,-761,0.00,158.40,248.87,0.000000

24.85,-761,0.00,154.50,248.97,0.000000

24.87,-761,0.00,150.90,247.14,0.000000

24.88,-761,0.00,147.75,242.11,0.000000

24.90,-761,0.00,145.05,219.32,0.000000

24.91,-761,0.00,142.80,177.02,0.000000

24.93,-761,0.00,140.85,177.67,0.000000

24.94,-761,0.00,139.35,168.59,0.000000

24.95,-761,0.00,138.30,69.78,0.000000

24.97,-761,0.00,137.70,4.19,0.000000

24.98,-761,0.00,137.40,0.02,0.000000

25.00,-761,0.00,137.40,0.00,0.000000

25.01,-761,0.00,137.85,-8.32,0.000000

25.03,-761,0.00,138.75,-151.71,0.000000

25.04,-761,0.00,139.80,-38.45,0.000000

25.05,-761,0.00,141.45,-180.56,0.000000

25.07,-761,0.00,143.25,-176.44,0.000000

25.08,-761,0.00,145.50,-187.49,0.000000

25.10,-761,0.00,148.05,-217.61,0.000000

25.11,-761,0.00,150.90,-219.92,0.000000

25.13,-761,0.00,154.05,-195.57,0.000000

25.14,-761,0.00,157.50,-244.94,0.000000

25.16,-761,0.00,161.25,-248.11,0.000000

25.17,-761,0.00,165.15,-309.22,0.000000

25.19,-761,0.00,169.35,-290.36,12.000000

25.20,-761,0.00,173.70,-258.67,12.000000

25.22,-761,0.00,178.05,-237.86,12.000000

25.24,-761,0.00,-177.60,-243.41,12.000000

25.25,-761,0.00,-173.55,-230.19,12.000000

25.27,-761,0.00,-169.80,-230.49,12.000000

25.29,-761,0.00,-166.35,-231.45,12.000000

25.30,-761,0.00,-163.65,-107.78,0.000000

25.32,-761,0.00,-161.10,-213.05,0.000000

25.33,-761,0.00,-159.15,-87.37,0.000000

25.35,-761,0.00,-157.35,-175.92,0.000000

25.36,-761,0.00,-156.00,-147.80,0.000000

25.37,-761,0.00,-154.95,-146.28,0.000000

25.39,-761,0.00,-154.20,-131.41,0.000000

25.40,-761,0.00,-153.75,-32.23,0.000000

25.42,-761,0.00,-153.60,-0.01,0.000000

25.43,-761,0.00,-153.60,-0.00,0.000000

25.45,-761,0.00,-153.90,4.04,0.000000

25.46,-761,0.00,-154.50,66.59,0.000000

25.47,-761,0.00,-155.25,34.41,0.000000

25.49,-761,0.00,-156.30,36.93,0.000000

25.50,-761,0.00,-157.65,83.13,0.000000

25.52,-761,0.00,-159.15,84.01,0.000000

25.53,-761,0.00,-160.80,76.42,0.000000

25.55,-761,0.00,-162.75,87.96,0.000000

25.56,-761,0.00,-164.85,175.43,0.000000

25.58,-761,0.00,-167.10,100.85,-9.000000

25.59,-761,0.00,-169.65,200.97,-12.000000

25.61,-761,0.00,-172.20,177.17,-12.000000

25.63,-761,0.00,-174.90,201.61,-12.000000

25.64,-761,0.00,-177.60,174.44,-12.000000

25.66,-761,0.00,179.70,208.47,-12.000000

25.67,-761,0.00,177.15,100.48,-10.000000

25.69,-761,0.00,174.45,205.38,-12.000000

25.70,-761,0.00,172.05,173.70,-12.000000

25.72,-761,0.00,169.80,87.39,-8.000000

25.74,-761,0.00,167.55,198.19,-12.000000

25.75,-761,0.00,165.60,165.87,0.000000

25.76,-761,0.00,163.95,78.15,0.000000

25.78,-761,0.00,162.45,42.59,0.000000

25.79,-761,0.00,161.10,37.73,0.000000

25.81,-761,0.00,159.90,37.43,0.000000

25.82,-761,0.00,159.00,8.75,0.000000

25.84,-761,0.00,158.25,4.23,0.000000

25.85,-761,0.00,157.65,16.45,0.000000

25.87,-761,0.00,157.35,0.51,0.000000

25.88,-761,0.00,157.20,0.02,0.000000

25.89,-761,0.00,157.35,-0.13,0.000000

25.91,-761,0.00,157.65,-4.10,0.000000

25.92,-761,0.00,158.25,-67.16,0.000000

25.94,-761,0.00,159.00,-136.46,0.000000

25.95,-761,0.00,159.90,-69.96,0.000000

25.96,-761,0.00,161.10,-150.58,0.000000

25.98,-761,0.00,162.45,-152.12,0.000000

25.99,-761,0.00,163.95,-87.32,0.000000

26.01,-761,0.00,165.60,-87.82,0.000000

26.02,-761,0.00,167.55,-87.05,7.000000

26.04,-761,0.00,169.65,-99.60,8.000000

26.05,-761,0.00,171.90,-167.94,12.000000

26.07,-761,0.00,174.30,-198.04,12.000000

26.09,-761,0.00,176.70,-172.96,12.000000

26.10,-761,0.00,179.25,-200.98,12.000000

26.12,-761,0.00,-178.35,-100.94,9.000000

26.13,-761,0.00,-175.80,-173.75,12.000000

26.15,-761,0.00,-173.25,-202.94,12.000000

26.17,-761,0.00,-171.00,-99.62,8.000000

26.18,-761,0.00,-168.75,-99.69,8.000000

26.19,-761,0.00,-166.65,-86.93,7.000000

26.21,-761,0.00,-164.70,-173.68,0.000000

26.22,-761,0.00,-163.05,-152.84,0.000000

26.24,-761,0.00,-161.55,-148.98,0.000000

26.25,-761,0.00,-160.35,-20.61,0.000000

26.27,-761,0.00,-159.15,-75.15,0.000000

26.28,-761,0.00,-158.25,-132.76,0.000000

26.30,-761,0.00,-157.65,-16.42,0.000000

26.31,-761,0.00,-157.20,-32.58,0.000000

26.33,-761,0.00,-157.05,-0.01,0.000000

26.34,-761,0.00,-157.05,-0.00,0.000000

26.35,-761,0.00,-157.35,32.11,0.000000

26.37,-761,0.00,-157.80,32.36,0.000000

26.38,-761,0.00,-158.40,16.65,0.000000

26.40,-761,0.00,-159.30,34.48,0.000000

26.41,-761,0.00,-160.35,68.85,0.000000

26.43,-761,0.00,-161.55,37.40,0.000000

26.44,-761,0.00,-163.05,88.25,0.000000

26.46,-761,0.00,-164.55,43.32,0.000000

26.47,-761,0.00,-166.35,82.14,-8.000000

26.49,-761,0.00,-168.30,83.22,-8.000000

26.50,-761,0.00,-170.40,86.95,-8.000000

26.52,-761,0.00,-172.65,197.09,-12.000000

26.53,-761,0.00,-174.90,195.88,-12.000000

26.55,-761,0.00,-177.15,195.68,-12.000000

26.56,-761,0.00,-179.40,171.33,-12.000000

26.58,-761,0.00,178.50,162.96,-12.000000

26.60,-761,0.00,176.40,163.21,-12.000000

26.61,-761,0.00,174.45,164.35,-12.000000

26.63,-761,0.00,172.65,159.31,-12.000000

26.64,-761,0.00,171.00,142.95,-12.000000

26.66,-761,0.00,169.65,39.26,-7.000000

26.67,-761,0.00,168.45,17.82,-7.000000

26.69,-761,0.00,167.40,63.32,-7.000000

26.70,-761,0.00,166.65,30.94,-7.000000

26.72,-761,0.00,166.05,61.92,-7.000000

26.73,-761,0.00,165.75,0.48,-7.000000

26.75,-761,0.00,165.60,0.00,0.000000

26.76,-761,0.00,165.45,0.00,0.000000

26.78,-761,0.00,165.60,-0.00,0.000000

26.79,-761,0.00,165.90,-7.66,6.000000

26.81,-761,0.00,166.35,-15.38,6.000000

26.82,-761,0.00,166.95,-31.13,6.000000

26.83,-761,0.00,167.70,-125.42,10.000000

26.85,-761,0.00,168.60,-133.27,11.000000

26.87,-761,0.00,169.50,-65.41,6.000000

26.88,-761,0.00,170.55,-34.99,6.000000

26.90,-761,0.00,171.75,-70.36,6.000000

26.91,-761,0.00,172.95,-35.02,6.000000

26.93,-761,0.00,174.30,-70.44,6.000000

26.94,-761,0.00,175.65,-39.49,6.000000

26.96,-761,0.00,177.15,-141.33,12.000000

26.97,-761,0.00,178.50,-71.11,6.000000

26.99,-761,0.00,179.85,-70.39,6.000000

27.00,-761,0.00,-178.80,-70.26,6.000000

27.02,-761,0.00,-177.60,-69.17,6.000000

27.03,-761,0.00,-176.55,-34.50,6.000000

27.05,-761,0.00,-175.65,-8.12,6.000000

27.06,-761,0.00,-174.75,-63.25,6.000000

27.08,-761,0.00,-174.15,-7.73,6.000000

27.10,-761,0.00,-173.70,-0.96,6.000000

27.11,-761,0.00,-173.25,-60.88,6.000000

27.12,-761,0.00,-173.25,-0.00,6.000000

27.14,-761,0.00,-173.25,0.24,-7.000000

27.16,-761,0.00,-173.40,1.91,-7.000000

27.17,-761,0.00,-173.70,0.94,-7.000000

27.19,-761,0.00,-174.30,60.96,-7.000000

27.20,-761,0.00,-174.90,15.27,-7.000000

27.22,-761,0.00,-175.80,128.73,-12.000000

27.23,-761,0.00,-176.70,129.08,-12.000000

27.25,-761,0.00,-177.60,16.18,-7.000000

27.26,-761,0.00,-178.80,137.25,-12.000000

27.28,-761,0.00,-179.85,68.48,-7.000000

27.29,-761,0.00,179.10,32.40,-7.000000

27.31,-761,0.00,178.05,17.36,-7.000000

27.32,-761,0.00,177.00,63.44,-7.000000

27.34,-761,0.00,176.10,63.72,-7.000000

27.35,-761,0.00,175.35,63.22,-7.000000

27.37,-761,0.00,174.90,1.89,-7.000000

27.38,-761,0.00,174.45,15.33,-7.000000

27.40,-761,0.00,174.30,0.48,-7.000000

27.42,-761,0.00,174.45,-0.24,6.000000

27.43,-761,0.00,174.75,-30.64,6.000000

27.44,-761,0.00,175.20,-122.23,10.000000

27.46,-761,0.00,175.65,-7.78,6.000000

27.47,-761,0.00,176.25,-3.98,6.000000

27.49,-761,0.00,177.00,-15.91,6.000000

27.50,-761,0.00,177.75,-15.71,6.000000

27.52,-761,0.00,178.65,-129.66,11.000000

27.54,-761,0.00,179.40,-62.84,6.000000

27.55,-761,0.00,-179.85,-34.00,6.000000

27.57,-761,0.00,-179.10,-63.62,6.000000

27.58,-761,0.00,-178.50,-15.87,6.000000

27.60,-761,0.00,-177.90,-60.73,6.000000

27.61,-761,0.00,-177.45,-15.08,6.000000

27.63,-761,0.00,-177.15,-0.47,6.000000

27.64,-761,0.00,-176.85,-1.88,6.000000

27.66,-761,0.00,-176.70,-0.96,6.000000

27.67,-761,0.00,-176.70,-0.00,6.000000

27.69,-761,0.00,-176.85,61.27,-7.000000

27.70,-761,0.00,-176.85,0.00,-7.000000

27.72,-761,0.00,-177.15,3.76,-7.000000

27.73,-761,0.00,-177.30,0.01,-7.000000

27.75,-761,0.00,-177.60,0.47,-7.000000

27.76,-761,0.00,-177.90,29.86,-7.000000

27.78,-761,0.00,-178.05,0.12,-7.000000

27.79,-761,0.00,-178.20,0.03,-7.000000

27.81,-761,0.00,-178.35,0.23,-7.000000

27.82,-761,0.00,-178.35,0.00,-7.000000

27.84,-761,0.00,-178.35,0.00,-7.000000

27.85,-761,0.00,-178.35,0.00,-7.000000

27.87,-761,0.00,-178.35,0.00,-7.000000

27.88,-761,0.00,-178.20,-0.06,6.000000

27.90,-761,0.00,-178.20,-0.00,6.000000

27.91,-761,0.00,-178.05,-0.00,6.000000

27.93,-761,0.00,-178.05,-0.00,6.000000

27.94,-761,0.00,-177.90,-1.89,6.000000

27.96,-761,0.00,-177.90,-0.00,6.000000

27.97,-761,0.00,-177.90,-0.00,6.000000

27.99,-761,0.00,-178.05,0.01,-7.000000

28.00,-761,0.00,-178.05,0.00,-7.000000

28.02,-761,0.00,-178.20,0.00,-7.000000

28.03,-761,0.00,-178.35,0.00,-7.000000

28.05,-761,0.00,-178.50,0.06,-7.000000

28.06,-761,0.00,-178.65,0.12,-7.000000

28.08,-761,0.00,-178.80,0.23,-7.000000

28.09,-761,0.00,-178.95,0.01,-7.000000

28.11,-761,0.00,-179.10,0.00,-7.000000

28.12,-761,0.00,-179.40,15.32,-7.000000

28.14,-761,0.00,-179.55,0.23,-7.000000

28.15,-761,0.00,-179.70,0.00,-7.000000

28.17,-761,0.00,180.00,7.51,-7.000000

28.18,-761,0.00,179.85,0.13,-7.000000

28.20,-761,0.00,179.70,0.00,-7.000000

28.21,-761,0.00,179.40,7.56,-7.000000

28.23,-761,0.00,179.25,0.12,-7.000000

